twoPtPassId,playId,teamId,playerId,twoPtPassPosition,twoPtPassConv,twoPtPassSack,twoPtPassComp,twoPtPassNull
400001,115,3800,20020081,QB,failed,0,0,0
400002,2564,3300,19990131,QB,good,0,1,0
400003,3999,325,20030019,QB,good,0,1,0
400004,4990,3900,20040011,QB,failed,0,0,0
400005,7442,750,19970478,QB,good,0,1,0
400006,10089,325,20030019,QB,failed,0,0,0
400007,11441,920,19960412,QB,failed,0,0,0
400008,12388,1050,20040106,QB,good,0,1,0
400009,15345,1400,19970889,P,failed,0,0,0
400010,15392,1400,19960130,QB,failed,0,0,0
400011,15597,2120,20020001,QB,failed,0,0,0
400012,16250,2520,19950005,QB,failed,0,0,0
400013,16262,2520,19950005,QB,failed,0,0,0
400014,16499,3800,20040202,QB,failed,0,0,0
400015,16873,810,20010603,QB,failed,0,0,0
400016,17193,2120,20020001,QB,failed,0,0,0
400017,17537,1540,20020003,QB,good,0,1,0
400018,17702,1540,20020003,QB,failed,0,0,0
400019,18712,1800,19910033,QB,good,0,1,0
400020,22458,2250,20030007,QB,good,0,1,0
400021,22670,3430,20000018,QB,good,0,1,0
400022,24244,2250,20030007,QB,good,0,1,0
400023,24425,2250,20030007,QB,good,0,1,0
400024,25357,2310,19950045,QB,failed,0,0,0
400025,26052,2310,19930222,QB,failed,0,0,0
400026,26400,2310,19930222,QB,good,0,1,0
400027,26751,2700,20010155,QB,good,0,1,0
400028,26931,2700,20010155,QB,good,0,1,0
400029,27425,2700,20010155,QB,failed,0,0,0
400030,27435,2700,20010155,QB,failed,0,0,0
400031,28496,810,20030022,QB,failed,0,1,0
400032,28805,3000,19990011,QB,good,0,1,0
400033,29313,3000,19990011,QB,failed,0,0,0
400034,31376,4600,19980187,QB,good,0,1,0
400035,32418,3300,20020186,QB,failed,0,0,0
400036,34031,1200,19870001,QB,good,0,1,0
400037,34659,3410,20040001,QB,failed,1,0,0
400038,35432,3430,20000018,QB,failed,0,0,0
400039,36405,3430,20000018,QB,failed,0,0,0
400040,37865,4900,19920227,QB,failed,0,0,0
400041,37892,4900,19920227,QB,good,0,1,0
400042,38531,3700,19990002,QB,failed,0,0,0
400043,38706,750,19970478,QB,good,0,1,0
400044,39042,3700,19990002,QB,failed,0,0,0
400045,41760,2520,19870098,QB,good,0,1,0
400046,43529,4400,19850285,QB,failed,0,0,0
400047,44382,4600,19980187,QB,failed,0,0,0
400048,44708,4600,19980187,QB,good,0,1,0
400049,45851,4500,20000212,QB,failed,0,0,0
400050,45928,4500,20000212,QB,good,0,1,0
400051,46110,4500,20000212,QB,failed,0,0,0
400052,46865,4500,20030241,QB,failed,0,0,0
400053,47221,4500,20000212,QB,failed,0,0,0
400054,47261,4500,20000212,QB,good,0,1,0
400055,48041,3300,19990131,QB,failed,0,0,0
400056,48072,2510,20000168,QB,good,0,1,0
400057,48213,3430,20000018,QB,failed,0,0,0
400058,49360,4900,19980091,QB,failed,0,0,0
400059,49508,4900,19980091,QB,failed,0,0,0
400060,51451,1540,20020003,QB,failed,0,0,0
400061,52077,2100,19950003,QB,failed,0,0,0
400062,52094,2250,20030007,QB,good,0,1,0
400063,53123,5110,19930118,QB,good,0,1,0
400064,53297,1400,19970453,QB,good,0,1,0
400065,53466,1800,19910033,QB,good,0,1,0
400066,53628,3000,19990011,QB,good,0,1,0
1400001,1001100,3800,20020081,QB,failed,0,0,0
1400002,1001969,200,20040090,QB,good,0,1,0
1400003,1002140,200,20010001,QB,good,0,1,0
1400004,1002616,200,20040090,QB,good,0,1,0
1400005,1003444,2100,20050541,QB,good,0,1,0
1400006,1004075,325,20030019,QB,failed,0,0,0
1400007,1005092,325,19990471,QB,failed,0,0,0
1400008,1005122,325,20050213,QB,good,0,1,0
1400009,1007150,1800,19910033,QB,failed,0,0,0
1400010,1007160,750,19970478,QB,failed,0,0,0
1400011,1007170,1800,19910033,QB,good,0,1,0
1400012,1007192,1800,19910033,QB,good,0,1,0
1400013,1007988,3900,19980060,QB,good,0,1,0
1400014,1010271,920,20030001,QB,good,0,1,0
1400015,1011403,3000,19990011,QB,good,0,1,0
1400016,1017091,5110,19930118,QB,failed,0,0,0
1400017,1020943,2120,20020001,QB,failed,0,0,0
1400018,1021927,2120,20020001,QB,good,0,1,0
1400019,1023188,2200,19980001,QB,good,0,1,0
1400020,1025953,3200,20000199,QB,failed,0,0,0
1400021,1026283,2520,19950005,QB,failed,0,0,0
1400022,1026374,3700,19970207,QB,failed,0,0,0
1400023,1026428,3700,19990002,QB,good,0,1,0
1400024,1026901,2310,19930222,QB,good,0,1,0
1400025,1028349,3200,20000199,QB,failed,0,0,0
1400026,1028384,2700,19940197,QB,failed,0,1,0
1400027,1028689,4900,20030097,QB,good,0,1,0
1400028,1029834,3300,19990131,QB,failed,0,0,0
1400029,1030870,2200,19980001,QB,failed,0,0,0
1400030,1031223,3200,20050230,QB,failed,0,0,0
1400031,1031342,3300,19990131,QB,failed,0,0,0
1400032,1032075,2520,19950005,QB,failed,0,0,0
1400033,1034104,3800,19940402,QB,failed,0,0,0
1400034,1037290,3430,20030200,QB,failed,0,0,0
1400035,1037534,3800,19940402,QB,failed,1,0,0
1400036,1037603,3800,20040202,QB,failed,0,0,0
1400037,1038239,1400,19970042,QB,good,0,1,0
1400038,1044579,200,20040090,QB,good,0,1,0
1400039,1045779,3410,20040001,QB,good,0,1,0
1400040,1046530,1200,19930001,QB,failed,0,0,0
1400041,1046628,1200,19930001,QB,good,0,1,0
1400042,1047456,4500,20030241,QB,failed,0,0,0
1400043,1048130,3800,19940402,QB,good,0,1,0
1400044,1048158,2510,19930419,QB,good,0,1,0
1400045,1050739,4900,20040106,QB,good,0,1,0
1400046,1051175,5110,19930118,QB,good,0,1,0
1400047,1052417,2100,19950003,QB,failed,0,0,0
1400048,1052851,4500,20030241,QB,good,0,1,0
2400001,2000414,1400,20060011,QB,failed,0,0,0
2400002,2000467,1400,20040250,QB,failed,0,0,0
2400003,2005887,3000,19920227,QB,failed,0,0,0
2400004,2007168,1200,20030681,QB,good,0,1,0
2400005,2007516,3300,20010032,QB,good,0,1,0
2400006,2010480,200,20040090,QB,failed,0,0,0
2400007,2012102,325,19950003,QB,failed,0,0,0
2400008,2013702,1540,19960412,QB,failed,0,0,0
2400009,2015737,2200,19980001,QB,good,0,1,0
2400010,2017868,3000,20050483,P,failed,0,0,0
2400011,2020800,2700,20050002,RB,failed,0,0,0
2400012,2022288,2310,19930222,QB,good,0,1,0
2400013,2022612,2200,19980001,QB,good,0,1,0
2400014,2023248,2200,19980001,QB,failed,0,0,0
2400015,2023293,5110,19930118,QB,good,0,1,0
2400016,2024584,4900,19990133,P,good,0,1,0
2400017,2025671,3300,19970404,QB,failed,0,0,0
2400018,2026146,2310,19960402,QB,good,0,1,0
2400019,2026604,2700,19990011,QB,failed,0,0,0
2400020,2026765,2700,20020003,QB,good,0,1,0
2400021,2027613,2700,20020003,QB,good,0,1,0
2400022,2028227,3800,20060010,QB,failed,0,0,0
2400023,2029378,3000,20060064,QB,failed,0,0,0
2400024,2030529,3200,20000199,QB,good,0,1,0
2400025,2031181,3200,20000199,QB,good,0,1,0
2400026,2031858,3300,20010032,QB,good,0,1,0
2400027,2034521,3700,19940500,QB,good,0,1,0
2400028,2035467,2120,20020001,QB,good,0,1,0
2400029,2041949,4400,20040004,QB,good,0,1,0
2400030,2043896,4600,19980187,QB,failed,0,0,0
2400031,2044047,4600,19980187,QB,good,0,1,0
2400032,2044416,3410,20040001,QB,failed,0,0,0
2400033,2045249,2510,20000168,QB,failed,0,0,0
2400034,2047471,2510,20000168,QB,good,0,1,0
2400035,2050655,2120,20010109,QB,failed,0,0,0
2400036,2051599,2100,19950005,QB,good,0,1,0
2400037,2052161,1200,20030681,QB,failed,0,0,0
2400038,2053218,5110,19930118,QB,good,0,1,0
3400001,3000332,750,19870001,QB,failed,1,0,0
3400002,3000473,1050,20050576,WR,good,0,1,0
3400003,3001650,2510,20000168,QB,failed,0,0,0
3400004,3002086,920,20030001,QB,failed,0,0,0
3400005,3002144,920,20000432,QB,failed,0,0,0
3400006,3003952,325,20030019,QB,failed,0,0,0
3400007,3005613,1200,20030681,QB,failed,0,0,0
3400008,3005725,1400,20060011,QB,failed,0,0,0
3400009,3008287,810,20070559,QB,failed,0,0,0
3400010,3008928,810,20050106,QB,good,0,1,0
3400011,3009841,4500,19940006,QB,good,0,1,0
3400012,3010261,920,20030001,QB,failed,0,1,0
3400013,3010485,2200,20060586,QB,failed,0,0,0
3400014,3010997,3430,20000018,QB,good,0,1,0
3400015,3012069,1050,20070022,QB,failed,0,0,0
3400016,3012890,1050,20050213,QB,failed,0,0,0
3400017,3012918,1050,20050213,QB,good,0,1,0
3400018,3014030,3410,20040001,QB,failed,1,0,0
3400019,3015874,2520,20020081,QB,good,0,1,0
3400020,3017516,2310,19960402,QB,failed,0,0,0
3400021,3018061,4900,19940500,QB,failed,0,0,0
3400022,3021499,2120,20010109,QB,good,0,1,0
3400023,3024233,2520,20070001,QB,good,0,1,0
3400024,3024515,4900,20060194,QB,failed,0,0,0
3400025,3024529,4900,20060194,QB,failed,0,0,0
3400026,3026914,2700,20070040,QB,good,0,1,0
3400027,3029553,5110,19950045,QB,failed,0,0,0
3400028,3032969,3300,20010032,QB,failed,0,0,0
3400029,3034744,4500,19940006,QB,failed,0,0,0
3400030,3034852,5110,19950045,QB,failed,0,0,0
3400031,3035375,3430,20060049,QB,failed,0,0,0
3400032,3036489,5110,20050025,QB,good,0,1,0
3400033,3037365,1540,19960412,QB,failed,0,0,0
3400034,3037830,2310,19960402,QB,failed,0,0,0
3400035,3039461,3700,20070036,QB,good,0,1,0
3400036,3040415,3900,20040011,QB,good,0,1,0
3400037,3040764,3900,20010169,WR,good,0,1,0
3400038,3040926,3900,20040011,QB,failed,0,0,0
3400039,3042500,4400,20030149,P,failed,0,0,0
3400040,3042592,2200,19980001,QB,good,0,1,0
3400041,3043752,325,20070174,QB,failed,0,0,0
3400042,3045228,4600,19980187,QB,good,0,1,0
3400043,3046365,4500,20020439,QB,failed,0,0,0
3400044,3046883,4900,20040106,QB,failed,0,0,0
3400045,3047073,2510,19940197,QB,good,0,1,0
3400046,3047212,200,20000075,QB,failed,0,0,0
3400047,3051978,3800,20030054,WR,failed,0,0,0
3400048,3052695,5110,20050025,QB,good,0,1,0
3400049,3053114,5110,20050025,QB,failed,0,0,0
3400050,3053159,3700,19990002,QB,failed,0,0,0
3400051,3053205,3700,19990002,QB,failed,0,0,0
4400001,4001167,3800,19980480,P,failed,0,0,0
4400002,4001417,3700,19990002,QB,failed,0,0,0
4400003,4001433,3800,19940402,QB,good,0,1,0
4400004,4001926,3800,19940402,QB,failed,0,0,0
4400005,4007148,750,19970478,QB,failed,0,0,0
4400006,4010066,810,20050106,QB,good,0,1,0
4400007,4010627,920,20050250,QB,failed,0,0,0
4400008,4010970,2250,20020108,QB,failed,0,0,0
4400009,4011121,2310,20070217,QB,failed,0,0,0
4400010,4013168,1050,20050213,QB,good,0,1,0
4400011,4013805,920,20030001,QB,failed,0,0,0
4400012,4013982,2120,20010109,QB,failed,0,0,0
4400013,4014300,1200,20030681,QB,failed,0,0,0
4400014,4014795,4500,20020439,QB,failed,0,0,0
4400015,4016226,3300,20010032,QB,failed,0,0,0
4400016,4016559,4400,20040004,QB,good,0,1,0
4400017,4016573,1400,20060011,QB,good,0,1,0
4400018,4018265,5110,20050025,QB,failed,0,0,0
4400019,4018566,1800,20050024,QB,good,0,1,0
4400020,4019410,2120,20040090,QB,good,0,1,0
4400021,4019732,3000,20060064,QB,failed,0,0,0
4400022,4019949,1800,20080209,QB,failed,0,0,0
4400023,4020073,325,20080018,QB,good,0,1,0
4400024,4020696,1540,20050145,QB,good,0,1,0
4400025,4022388,1540,20050145,QB,good,0,1,0
4400026,4022828,2200,19980001,QB,good,0,1,0
4400027,4024394,3900,20040011,QB,failed,0,0,0
4400028,4025537,2310,20070217,QB,good,0,1,0
4400029,4025712,4400,20040004,QB,failed,0,0,0
4400030,4025718,4400,20040004,QB,failed,0,0,0
4400031,4025995,4900,19940500,QB,failed,0,0,0
4400032,4026031,4900,19940500,QB,good,0,1,0
4400033,4027044,3430,19910033,QB,failed,0,0,0
4400034,4027578,4600,20030110,QB,failed,0,0,0
4400035,4029983,3200,20080094,QB,failed,0,0,0
4400036,4030732,3200,20050230,QB,good,0,1,0
4400037,4031426,200,20080003,QB,good,0,1,0
4400038,4031749,1800,20050024,QB,good,0,1,0
4400039,4032747,4500,20020186,QB,good,0,1,0
4400040,4033212,3410,20040001,QB,good,0,1,0
4400041,4034802,3800,19940402,QB,failed,0,0,0
4400042,4035163,3430,19910033,QB,failed,0,0,0
4400043,4035604,3430,19910033,QB,good,0,1,0
4400044,4037338,2520,20070001,QB,failed,0,0,0
4400045,4037656,4400,20040004,QB,good,0,1,0
4400046,4037795,2520,20050069,QB,good,0,1,0
4400047,4037971,3800,19940402,QB,failed,0,0,0
4400048,4038827,3410,20040001,QB,failed,0,0,0
4400049,4041491,4400,20040004,QB,failed,0,0,0
4400050,4042421,2310,20050099,P,failed,0,0,0
4400051,4042514,2310,20070217,QB,failed,0,0,0
4400052,4042797,3430,19910033,QB,failed,1,0,0
4400053,4042819,3430,19910033,QB,failed,0,0,0
4400054,4043135,4400,20000417,QB,good,0,1,0
4400055,4043261,4600,19980187,QB,failed,0,0,0
4400056,4043785,3200,20050230,QB,good,0,1,0
4400057,4046507,2510,20000168,QB,failed,0,0,0
4400058,4046829,610,20070092,QB,good,0,1,0
4400059,4050286,2100,19950005,QB,good,0,1,0
4400060,4051563,610,20040022,QB,good,0,1,0
4400061,4051782,1050,20050213,QB,good,0,1,0
4400062,4052349,5110,20050025,QB,failed,0,0,0
5400001,5000334,3800,20060010,QB,failed,0,0,0
5400002,5004668,3430,20080162,QB,failed,0,0,0
5400003,5005619,2120,20040090,QB,good,0,1,0
5400004,5006593,4900,20030007,QB,failed,0,0,0
5400005,5006737,200,20080003,QB,failed,0,1,0
5400006,5007370,750,20070701,QB,failed,0,0,0
5400007,5008161,750,19970478,QB,good,0,1,0
5400008,5008944,1800,20050024,QB,good,0,1,0
5400009,5009443,810,20060011,QB,good,0,1,0
5400010,5010410,1400,20050106,QB,failed,0,0,0
5400011,5010572,1540,19990011,QB,failed,0,0,0
5400012,5011331,920,20030001,QB,failed,0,0,0
5400013,5011356,920,20030001,QB,good,0,1,0
5400014,5017527,1540,20070043,QB,good,0,1,0
5400015,5017978,1540,20090001,QB,good,0,1,0
5400016,5018167,1540,20090001,QB,failed,0,0,0
5400017,5018692,1800,20050024,QB,good,0,1,0
5400018,5019469,1800,20050024,QB,failed,0,0,0
5400019,5022552,3300,20010032,QB,good,0,0,0
5400020,5022689,3430,20090005,QB,good,0,1,0
5400021,5022717,3430,20090005,QB,good,0,1,0
5400022,5023066,3700,20090716,QB,good,0,1,0
5400023,5023368,2200,19980001,QB,failed,0,0,0
5400024,5023827,610,19990437,P,failed,0,0,0
5400025,5024041,2120,20040090,QB,failed,0,0,0
5400026,5024370,2310,20050230,QB,good,0,1,0
5400027,5024878,2250,19970404,QB,failed,0,0,0
5400028,5025004,2100,19950005,QB,failed,0,0,0
5400029,5025107,2250,20020108,QB,good,0,1,0
5400030,5027831,2700,20080057,QB,failed,0,0,0
5400031,5028067,3300,20010032,QB,failed,0,0,0
5400032,5029712,1800,20050024,QB,failed,0,0,0
5400033,5030182,4600,19980187,QB,failed,0,0,0
5400034,5031010,3200,20000199,QB,failed,0,0,0
5400035,5031015,3200,20000199,QB,failed,0,0,0
5400036,5031598,3200,20000199,QB,good,0,1,0
5400037,5034600,750,20090562,QB,good,0,1,0
5400038,5034736,3410,19880400,P,failed,0,0,0
5400039,5035085,3410,20020001,QB,failed,0,0,0
5400040,5035394,3700,19990002,QB,good,0,1,0
5400041,5036498,3430,20090005,QB,failed,0,0,0
5400042,5036638,3430,20090005,QB,failed,0,0,0
5400043,5036654,2700,20080057,QB,failed,0,0,0
5400044,5036662,3430,20090005,QB,good,0,1,1
5400045,5036663,3430,20090005,QB,failed,0,0,0
5400046,5039755,3700,20010155,QB,failed,0,0,0
5400047,5040610,3700,19990002,QB,good,0,1,0
5400048,5041125,920,20090142,P,failed,1,0,0
5400049,5041575,1800,20050024,QB,good,0,1,0
5400050,5044313,810,20060011,QB,good,0,1,0
5400051,5044616,4600,20050815,P,failed,0,0,0
5400052,5046245,4500,19960402,QB,good,0,1,0
5400053,5046262,1400,20030097,QB,failed,0,0,0
5400054,5046689,4500,20090171,QB,good,0,1,0
5400055,5046719,2520,20050067,QB,failed,0,0,0
5400056,5048464,2510,20000168,QB,failed,0,0,0
5400057,5049413,4900,20090017,QB,failed,0,0,0
5400058,5049432,4900,20090017,QB,good,0,1,0
5400059,5052141,4900,20080160,QB,good,0,1,0
6400001,6000482,3800,20050213,QB,failed,0,0,0
6400002,6000491,3800,20100155,QB,failed,0,0,0
6400003,6000991,3800,20050213,QB,good,0,1,0
6400004,6001959,200,20080003,QB,failed,0,0,0
6400005,6002251,920,20030001,QB,failed,0,0,0
6400006,6002254,920,20030001,QB,failed,0,0,0
6400007,6002264,200,20080003,QB,good,0,1,0
6400008,6005195,810,20060011,QB,good,0,1,0
6400009,6005693,1540,20020439,QB,failed,0,0,0
6400010,6006015,610,20050250,QB,failed,0,0,0
6400011,6008471,810,20100181,QB,failed,0,1,0
6400012,6008635,810,20060011,QB,failed,0,0,0
6400013,6011417,920,20030001,QB,good,0,1,0
6400014,6013493,1050,20100085,QB,failed,0,0,1
6400015,6013494,1050,20030110,QB,failed,0,0,0
6400016,6014666,1200,19960412,QB,failed,0,0,1
6400017,6014667,1200,19960412,QB,good,0,1,0
6400018,6015312,5110,20030022,QB,good,0,1,0
6400019,6015326,5110,20030022,QB,failed,0,0,1
6400020,6015327,5110,20030022,QB,good,0,1,0
6400021,6015516,1540,20070043,QB,failed,0,0,0
6400022,6016012,2310,20050230,QB,failed,0,0,0
6400023,6016037,2310,20050230,QB,failed,0,0,0
6400024,6017034,1400,20050106,QB,failed,0,0,0
6400025,6018388,1540,20020439,QB,good,0,1,0
6400026,6018712,5110,19990002,QB,failed,0,0,0
6400027,6018720,1540,20090001,QB,failed,0,0,0
6400028,6018722,5110,19990002,QB,failed,0,0,0
6400029,6018741,1540,20090001,QB,good,0,1,0
6400030,6018754,1540,20090001,QB,failed,0,0,0
6400031,6020700,2120,20040090,QB,good,0,1,0
6400032,6021786,4400,20040004,QB,failed,0,0,1
6400033,6022264,2200,20090174,QB,good,0,1,0
6400034,6022596,1200,19960412,QB,good,0,1,0
6400035,6031638,3000,20060064,QB,good,0,1,0
6400036,6032295,2510,20100444,QB,failed,0,0,0
6400037,6033403,3300,20020032,QB,failed,0,0,0
6400038,6034740,3410,20100221,P/K,failed,0,0,0
6400039,6036659,3000,19910033,QB,failed,0,0,0
6400040,6036822,3430,20090005,QB,good,0,1,0
6400041,6038224,2520,20050025,QB,failed,0,0,0
6400042,6038381,4600,20040022,QB,good,0,1,0
6400043,6038738,4500,20020001,QB,good,0,1,0
6400044,6039557,3700,20010001,QB,good,0,1,1
6400045,6039558,3700,20010001,QB,failed,0,0,0
6400046,6040049,3700,20100122,QB,failed,0,0,0
6400047,6040394,3700,20010001,QB,good,0,1,0
6400048,6040712,3700,20070036,QB,failed,0,0,0
6400049,6042102,3200,20000199,QB,failed,0,0,0
6400050,6042123,3900,20040011,QB,failed,0,0,1
6400051,6044136,2100,20060003,QB,failed,0,0,0
6400052,6044487,4600,20060081,QB,failed,0,0,1
6400053,6044488,4600,20060081,QB,good,0,1,0
6400054,6045509,4400,20040004,QB,good,0,1,1
6400055,6045510,4400,20040004,QB,good,0,1,0
6400056,6046002,2100,20100176,QB,good,0,1,0
6400057,6046656,4500,20050001,QB,good,0,1,0
6400058,6047975,200,20080003,QB,good,0,1,0
6400059,6050437,4900,20090017,QB,failed,0,0,0
6400060,6050714,4600,20060081,QB,good,0,1,0
6400061,6051887,3300,20090435,QB,good,0,1,0
6400062,6052400,2100,19950005,QB,good,0,1,0
7400001,7000979,3800,20070036,QB,failed,0,0,0
7400002,7001831,325,20090562,QB,good,0,1,0
7400003,7002094,1800,20050024,QB,failed,0,0,0
7400004,7003088,4900,20090017,QB,good,0,1,0
7400005,7003105,4900,20090017,QB,failed,0,0,1
7400006,7005434,610,20100209,QB,failed,0,0,0
7400007,7005574,2250,20110010,QB,good,0,1,0
7400008,7005618,610,20070217,QB,good,0,1,0
7400009,7005796,610,20050250,QB,failed,0,0,0
7400010,7007265,750,20110001,QB,good,0,1,0
7400011,7008062,4900,20090017,QB,failed,1,0,0
7400012,7008903,750,20110001,QB,failed,0,0,0
7400013,7013628,1200,20090101,QB,good,0,1,0
7400014,7015384,920,20110035,QB,failed,0,0,0
7400015,7016601,1400,20100025,QB,failed,0,0,0
7400016,7017113,750,20110001,QB,good,0,1,0
7400017,7017573,1540,20090001,QB,good,0,1,0
7400018,7018437,1540,20090001,QB,failed,0,0,0
7400019,7019099,1540,20090001,QB,good,0,1,0
7400020,7020287,4900,20090017,QB,failed,0,0,0
7400021,7020933,1050,20100085,QB,failed,0,0,0
7400022,7021682,2520,20050025,QB,failed,0,0,0
7400023,7022383,2200,20090201,QB,failed,0,0,0
7400024,7022748,1800,20090729,QB,good,0,1,0
7400025,7023852,2250,20040106,QB,failed,0,0,0
7400026,7026584,4400,20040004,QB,good,0,1,0
7400027,7027500,2700,20070701,QB,failed,0,0,0
7400028,7031735,3410,20100771,QB,good,0,1,0
7400029,7033429,3300,20010032,QB,good,0,1,0
7400030,7033450,3300,20010032,QB,good,0,1,0
7400031,7037867,2520,20070092,QB,failed,1,0,0
7400032,7038960,2520,20050025,QB,failed,0,0,0
7400033,7039093,3300,20090435,QB,good,0,1,0
7400034,7040591,3410,20040001,QB,failed,0,0,1
7400035,7040763,3430,20090005,QB,failed,0,0,0
7400036,7044947,4600,20060064,QB,failed,0,0,0
7400037,7046765,3300,20010032,QB,good,0,1,0
7400038,7046893,4500,20050001,QB,good,0,1,0
7400039,7050053,4900,20090017,QB,failed,0,0,0
7400040,7050192,4900,20090017,QB,good,0,1,0
7400041,7050529,4900,20090017,QB,failed,0,0,0
7400042,7053013,5110,20030022,QB,failed,0,0,0
7400043,7054344,5110,20070040,QB,good,0,1,0
7400044,7054515,4900,20100168,QB,good,0,1,0
7400045,7054523,5110,20060049,QB,failed,0,0,0
8400001,8000819,2700,20120008,QB,good,0,1,0
8400002,8002367,200,20120415,QB,failed,0,0,0
8400003,8003591,4900,20090017,QB,failed,0,0,0
8400004,8004168,1200,20030681,QB,failed,0,0,0
8400005,8006872,610,20000498,K,failed,0,0,0
8400006,8006919,2510,20100001,QB,good,0,1,0
8400007,8007376,200,20080003,QB,failed,0,0,0
8400008,8008895,4900,20090017,QB,good,0,1,0
8400009,8009049,810,20060011,QB,failed,0,0,0
8400010,8012108,3900,20040011,QB,good,0,1,0
8400011,8012335,325,20080018,QB,good,0,1,0
8400012,8013998,1200,20050106,QB,good,0,1,0
8400013,8014891,3700,20120088,QB,failed,0,0,0
8400014,8016758,3900,20040011,QB,failed,0,0,0
8400015,8016770,1400,19980001,QB,good,0,1,0
8400016,8017796,610,20070217,QB,good,0,1,0
8400017,8019993,2250,20110010,QB,failed,0,0,0
8400018,8020879,1800,20050024,QB,good,0,1,0
8400019,8023233,2200,20120253,QB,failed,0,0,0
8400020,8023555,2200,20120001,QB,failed,0,0,0
8400021,8023591,1800,20050024,QB,failed,0,0,0
8400022,8025218,2250,20110010,QB,good,0,1,0
8400023,8025243,2250,20110010,QB,failed,0,0,0
8400024,8025920,2250,20070205,QB,good,0,1,0
8400025,8027605,2310,20050099,P,failed,0,0,0
8400026,8028346,2700,20120008,QB,good,0,1,0
8400027,8029201,2510,20100001,QB,good,0,1,0
8400028,8030515,2250,20110010,QB,good,0,1,0
8400029,8031016,4900,20090017,QB,failed,0,0,0
8400030,8031377,3200,20000199,QB,failed,0,0,0
8400031,8032286,2120,20040090,QB,good,0,1,0
8400032,8037905,3430,20090005,QB,failed,0,0,0
8400033,8039030,2520,20030001,QB,failed,0,0,0
8400034,8040044,2520,20030001,QB,good,0,1,0
8400035,8040221,2520,20030001,QB,good,0,1,0
8400036,8040638,3700,20120088,QB,failed,0,0,0
8400037,8042253,750,20100048,QB,failed,0,0,1
8400038,8042254,750,20100048,QB,failed,0,0,0
8400039,8044678,1800,20090729,QB,failed,0,0,0
8400040,8045601,1800,20050024,QB,failed,0,0,0
8400041,8047021,4500,20110036,QB,failed,0,0,0
8400042,8049403,2510,20100001,QB,good,0,1,0
8400043,8049732,2510,20100001,QB,failed,0,0,0
8400044,8050044,2510,20100001,QB,good,0,1,0
8400045,8051202,3700,20120088,QB,failed,0,0,0
8400046,8051817,4900,20090017,QB,failed,0,0,0
8400047,8052012,2100,19980187,QB,failed,0,0,0
8400048,8052182,2100,19980187,QB,good,0,1,0
8400049,8052344,1540,20090001,QB,good,0,1,0
8400050,8052899,2250,20080057,QB,failed,0,0,0
8400051,8054356,1200,20030681,QB,good,0,1,0
8400052,8054668,3000,20110012,QB,good,0,1,0
8400053,8054683,3000,20110012,QB,failed,0,0,0
8400054,8055140,4600,20120075,QB,good,0,1,0
9400001,9000641,3800,20030001,QB,failed,0,0,0
9400002,9000958,2200,20120001,QB,good,0,1,0
9400003,9001310,3800,20030001,QB,failed,0,0,0
9400004,9003298,5110,20120102,QB,failed,0,0,0
9400005,9003428,325,20110180,QB,failed,0,0,0
9400006,9004475,3000,20050230,QB,failed,0,0,0
9400007,9004509,325,20080018,QB,good,0,1,0
9400008,9005016,3900,20040011,QB,failed,0,0,0
9400009,9005531,610,20130016,QB,good,0,1,0
9400010,9006444,3000,20100775,QB,failed,0,0,1
9400011,9006445,3000,20100775,QB,failed,0,0,0
9400012,9008022,4600,20120075,QB,failed,0,0,0
9400013,9008937,1050,20090501,QB,failed,0,0,0
9400014,9009071,810,20020081,QB,good,0,1,0
9400015,9009279,810,20020081,QB,failed,0,0,1
9400016,9009433,1800,20050024,QB,failed,0,0,0
9400017,9010177,325,20080018,QB,failed,0,0,1
9400018,9011843,2100,20050250,QB,failed,0,0,0
9400019,9012033,325,20080018,QB,good,0,1,0
9400020,9013442,1050,20120022,QB,good,0,1,0
9400021,9013607,2510,20060049,QB,failed,0,0,0
9400022,9013758,920,20080160,QB,good,0,1,0
9400023,9013908,1200,20030681,QB,good,0,1,0
9400024,9014129,1800,20080209,QB,failed,0,0,0
9400025,9014792,1200,20030681,QB,failed,0,0,0
9400026,9015123,1200,20050106,QB,failed,0,0,0
9400027,9015586,3800,20120185,QB,failed,0,1,1
9400028,9015587,3800,20120185,QB,good,0,1,0
9400029,9015915,2250,20080057,QB,failed,0,0,0
9400030,9017129,1400,19980001,QB,good,0,1,0
9400031,9017347,2510,20060049,QB,failed,0,0,0
9400032,9017872,1540,20090001,QB,failed,0,0,0
9400033,9018041,810,20060011,QB,good,0,1,0
9400034,9018055,810,20060011,QB,good,0,1,0
9400035,9018912,3200,20110074,QB,failed,0,0,0
9400036,9019038,1540,20090001,QB,good,0,1,0
9400037,9019712,1800,20080209,QB,failed,0,0,0
9400038,9020243,1540,20090001,QB,failed,0,0,0
9400039,9020378,1800,20080209,QB,failed,0,0,0
9400040,9021270,5110,20120002,QB,failed,0,0,0
9400041,9021586,2200,20120001,QB,failed,0,0,0
9400042,9021613,2200,20120001,QB,good,0,1,0
9400043,9023521,1400,19980001,QB,failed,0,0,0
9400044,9024526,2200,20120001,QB,failed,0,0,0
9400045,9024553,2200,20120001,QB,good,0,1,0
9400046,9024693,2200,20120001,QB,good,0,1,0
9400047,9031109,3700,20120088,QB,failed,0,0,0
9400048,9031145,3700,20120088,QB,good,0,1,0
9400049,9031772,3200,20000199,QB,good,0,1,0
9400050,9031955,3200,20000199,QB,failed,0,0,1
9400051,9031956,3200,20000199,QB,good,0,1,0
9400052,9033328,3200,20000199,QB,good,0,1,0
9400053,9037174,610,20130016,QB,good,0,1,0
9400054,9038945,2520,20130839,QB,failed,0,0,0
9400055,9039424,2250,20080057,QB,failed,0,0,0
9400056,9040928,810,20060011,QB,good,0,1,0
9400057,9041204,1540,20090001,QB,good,0,1,0
9400058,9041254,1540,20090001,QB,failed,0,0,0
9400059,9041262,3700,20120088,QB,failed,0,0,0
9400060,9041276,3700,20120088,QB,failed,0,0,1
9400061,9041279,1540,20090001,QB,failed,0,1,1
9400062,9041285,3700,20120088,QB,good,0,1,0
9400063,9041300,3700,20120088,QB,failed,0,0,0
9400064,9041656,3700,20130098,QB,good,0,1,0
9400065,9042339,5110,20120002,QB,good,0,1,0
9400066,9043006,920,20110035,QB,failed,0,0,0
9400067,9047226,2510,20060049,QB,failed,0,0,0
9400068,9047657,3800,20110005,CB,failed,0,0,0
9400069,9049665,2510,20060049,QB,good,0,1,0
9400070,9051151,200,20120415,QB,good,0,1,0
9400071,9051794,2700,20120008,QB,failed,0,0,0
9400072,9054121,5110,20090044,QB,good,0,1,0
9400073,9055272,5110,20120002,QB,failed,0,0,0
10400001,10000575,3800,20070043,QB,good,0,1,0
10400002,10001140,3800,20030001,QB,failed,0,0,0
10400003,10001638,3800,20070043,QB,failed,0,0,1
10400004,10001928,810,20060011,QB,good,0,1,0
10400005,10002273,1540,20090001,QB,failed,0,0,0
10400006,10003611,920,20110035,QB,good,0,1,0
10400007,10005920,610,20050106,QB,good,0,1,0
10400008,10007065,750,20100199,QB,failed,0,0,0
10400009,10007097,750,20100199,QB,failed,0,0,0
10400010,10007555,750,20110001,QB,good,0,1,0
10400011,10008056,750,20050213,QB,failed,0,0,0
10400012,10008672,810,20060011,QB,failed,0,0,1
10400013,10009183,810,20070205,QB,failed,0,0,0
10400014,10009609,810,20060011,QB,good,0,1,0
10400015,10009775,810,20100048,QB,failed,0,0,0
10400016,10009791,810,20100048,QB,good,0,1,0
10400017,10011179,2250,20140003,QB,failed,0,0,0
10400018,10011285,3430,20130039,QB,failed,0,0,0
10400019,10011519,3900,20040011,QB,good,0,1,0
10400020,10012507,2200,20120001,QB,failed,0,0,0
10400021,10012562,2200,20120001,QB,failed,0,0,0
10400022,10013398,1050,20090501,QB,failed,0,1,0
10400023,10013741,1200,20140519,QB,failed,0,0,0
10400024,10015689,2120,20140135,QB,good,0,1,0
10400025,10016335,1400,19980001,QB,good,0,1,0
10400026,10016375,2700,20120008,QB,failed,0,0,1
10400027,10017812,2250,20140003,QB,failed,0,0,0
10400028,10017839,1540,20050145,QB,failed,1,0,0
10400029,10018486,1540,20090001,QB,good,0,1,0
10400030,10019303,1800,20050024,QB,failed,0,0,0
10400031,10020099,1800,20050024,QB,good,0,1,0
10400032,10020162,1800,20050024,QB,good,0,1,0
10400033,10020205,1800,20050024,QB,failed,0,0,0
10400034,10020226,1800,20050024,QB,failed,0,0,1
10400035,10020307,1800,20110767,QB,failed,0,0,0
10400036,10020327,2520,20130839,QB,failed,0,0,0
10400037,10020865,325,20080018,QB,failed,1,0,0
10400038,10023590,3410,20130110,QB,failed,0,0,0
10400039,10024625,2250,20140003,QB,good,0,1,0
10400040,10025256,2250,20140003,QB,failed,0,0,0
10400041,10025266,2250,20140003,QB,failed,0,0,0
10400042,10026058,2310,20050001,QB,failed,0,0,0
10400043,10027981,1800,20080209,QB,good,0,1,0
10400044,10028831,4600,20120075,QB,failed,0,0,0
10400045,10029455,2700,20070701,QB,failed,0,0,1
10400046,10029495,2700,20070701,QB,good,0,1,0
10400047,10029519,2700,20070701,QB,failed,0,0,0
10400048,10029843,2310,20050001,QB,failed,0,0,0
10400049,10030864,3000,20140032,QB,good,0,1,0
10400050,10031051,3000,20140032,QB,good,0,1,0
10400051,10031711,3000,20140032,QB,good,0,1,0
10400052,10032215,2520,20130839,QB,failed,0,0,0
10400053,10033007,810,20060011,QB,good,0,1,0
10400054,10033034,810,20060011,QB,good,0,1,0
10400055,10033388,3200,20000199,QB,failed,0,1,0
10400056,10034130,3430,20130039,QB,failed,0,0,0
10400057,10035952,3300,20010032,QB,failed,0,1,0
10400058,10038065,3430,20010001,QB,failed,0,0,0
10400059,10039358,3430,20130039,QB,failed,0,1,0
10400060,10043134,3900,20130650,P,good,0,1,0
10400061,10043349,3900,20040011,QB,failed,0,0,0
10400062,10044706,3900,20040011,QB,good,0,1,0
10400063,10044718,3900,20040011,QB,good,0,1,0
10400064,10047268,1400,19980001,QB,good,0,1,0
10400065,10047418,1800,20050024,QB,failed,0,0,0
10400066,10047603,4600,20120075,QB,good,0,1,0
10400067,10049677,4500,20080160,QB,good,0,1,0
10400068,10050330,200,20080003,QB,good,0,1,0
10400069,10052194,1800,20110767,QB,failed,0,0,0
10400070,10053214,3430,20130039,QB,failed,0,0,0
10400071,10053714,1050,20140498,QB,failed,0,0,0
10400072,10054152,2510,20120422,P,good,0,1,0
10400073,10054350,3200,20140062,QB,failed,0,0,0
11400001,11000133,325,20080018,QB,good,0,1,0
11400002,11000437,1800,20050024,QB,good,0,1,0
11400003,11001942,325,20140534,QB,failed,0,0,0
11400004,11003385,200,20080003,QB,failed,0,0,0
11400005,11003391,5110,20120102,QB,failed,0,0,0
11400006,11003736,1050,20020081,QB,failed,0,0,0
11400007,11003755,325,20080018,QB,failed,0,0,0
11400008,11003766,1050,20020081,QB,good,0,1,0
11400009,11003936,2250,20140003,QB,failed,0,0,0
11400010,11003948,325,20080018,QB,failed,0,0,0
11400011,11005308,750,20100199,QB,good,0,1,0
11400012,11005906,2200,20120001,QB,good,0,1,0
11400013,11005937,2200,20120001,QB,failed,0,0,0
11400014,11006263,610,20110180,QB,failed,0,0,0
11400015,11006710,3900,20130115,QB,good,0,1,0
11400016,11006941,750,20110001,QB,good,0,1,0
11400017,11007266,1800,20050024,QB,good,0,1,0
11400018,11007871,2700,20090017,QB,failed,0,0,0
11400019,11008186,3300,20040106,QB,failed,0,0,0
11400020,11009783,810,20100048,QB,good,0,1,0
11400021,11011243,920,20110035,QB,failed,0,0,1
11400022,11011886,3900,20040011,QB,failed,0,0,0
11400023,11012098,4400,20040004,QB,failed,0,1,0
11400024,11012763,610,20130016,QB,good,0,1,0
11400025,11013063,1050,20020081,QB,failed,0,0,1
11400026,11013064,1050,20020081,QB,failed,0,0,0
11400027,11013441,3900,20040011,QB,good,0,1,0
11400028,11014043,200,20080003,QB,good,0,1,0
11400029,11014234,1200,20050230,QB,good,0,1,0
11400030,11014507,3000,20150870,QB,good,0,1,0
11400031,11016045,1400,19980001,QB,good,0,1,0
11400032,11017079,3200,20000199,QB,failed,0,0,0
11400033,11017212,2520,20140036,QB,failed,0,0,0
11400034,11017406,1400,19980001,QB,good,0,1,0
11400035,11018225,810,20060011,QB,good,0,1,0
11400036,11019386,1540,20090001,QB,failed,0,1,0
11400037,11019933,1800,20050024,QB,failed,0,0,0
11400038,11020084,2310,20050001,QB,good,0,1,0
11400039,11020112,2310,20050001,QB,failed,0,0,0
11400040,11020627,3700,20100025,QB,failed,0,0,0
11400041,11020743,1800,20150147,QB,failed,0,0,0
11400042,11020763,1800,20120827,QB,failed,0,0,0
11400043,11021094,1800,20050024,QB,good,0,1,0
11400044,11021938,2120,20110074,QB,good,0,1,0
11400045,11022607,2120,20090501,QB,good,0,1,0
11400046,11023131,2200,20120001,QB,good,0,1,0
11400047,11024947,610,20130016,QB,failed,0,0,1
11400048,11025292,1540,20120689,QB,failed,0,0,0
11400049,11025848,3900,20040011,QB,good,0,1,0
11400050,11026489,610,20110180,QB,failed,1,0,0
11400051,11026679,810,20060011,QB,failed,0,1,0
11400052,11026694,810,20060011,QB,failed,0,0,0
11400053,11028681,2200,19980187,QB,good,0,1,0
11400054,11028910,3900,20040011,QB,failed,0,0,0
11400055,11029246,2510,20120088,QB,good,0,1,0
11400056,11029479,4900,20150001,QB,good,0,1,1
11400057,11029950,2700,20120008,QB,good,0,1,0
11400058,11030335,2120,20090501,QB,failed,0,0,0
11400059,11030395,2700,20120008,QB,failed,0,0,0
11400060,11031639,1800,20050024,QB,good,0,1,0
11400061,11033042,4900,20150001,QB,failed,0,0,0
11400062,11033378,1800,20110767,QB,failed,0,0,0
11400063,11033413,1800,20110767,QB,failed,0,0,0
11400064,11034620,3900,20040011,QB,good,0,1,0
11400065,11035949,2250,20140003,QB,failed,0,0,0
11400066,11035985,2250,20140003,QB,failed,0,0,0
11400067,11036029,2250,20140003,QB,good,0,1,0
11400068,11036073,3300,20010032,QB,failed,0,0,0
11400069,11036114,3300,20040106,QB,failed,0,0,0
11400070,11036165,3200,20140062,QB,failed,0,0,0
11400071,11036531,3300,20010032,QB,failed,0,1,0
11400072,11036712,2100,20150002,QB,good,0,1,0
11400073,11037780,3410,20130110,QB,good,0,1,0
11400074,11038488,5110,20120102,QB,good,0,1,0
11400075,11038571,3430,20050250,QB,good,0,1,0
11400076,11038652,200,20110152,QB,good,0,1,0
11400077,11039971,2100,20150002,QB,good,0,1,0
11400078,11040319,3800,20070043,QB,failed,0,0,0
11400079,11040355,2520,20130839,QB,good,0,1,0
11400080,11040719,2520,20130839,QB,failed,0,0,0
11400081,11041193,2310,20050099,P,failed,0,0,0
11400082,11041220,2310,20050001,QB,good,0,1,0
11400083,11041288,2520,20110012,QB,failed,0,1,0
11400084,11041342,2520,20130839,QB,failed,0,0,0
11400085,11041857,2520,20140036,QB,good,0,1,0
11400086,11042228,325,20140534,QB,good,0,1,1
11400087,11043766,5110,20120102,QB,good,0,1,0
11400088,11043897,3900,20130115,QB,failed,0,0,0
11400089,11044524,3900,20040011,QB,good,0,1,0
11400090,11044952,3900,20130115,QB,failed,0,0,0
11400091,11044966,3900,20130115,QB,failed,0,0,0
11400092,11045044,3900,20040011,QB,good,0,1,0
11400093,11045188,3900,20040011,QB,good,0,1,0
11400094,11045368,3900,20040011,QB,good,0,1,0
11400095,11045398,3900,20040011,QB,good,0,1,0
11400096,11045481,4500,20110036,QB,good,0,1,0
11400097,11045843,1050,20020081,QB,good,0,1,0
11400098,11046796,4400,20040004,QB,good,0,1,0
11400099,11046822,4400,20040004,QB,good,0,1,0
11400100,11047301,4600,20120075,QB,failed,0,0,0
11400101,11047308,4600,20120075,QB,failed,0,0,0
11400102,11048538,3900,20040011,QB,good,0,1,0
11400103,11048589,4600,20120075,QB,failed,0,0,0
11400104,11048594,3900,20040011,QB,failed,0,0,0
11400105,11049260,4500,20110036,QB,failed,0,0,0
11400106,11049620,1200,20151018,QB,failed,0,0,0
11400107,11050131,4500,20150937,QB,good,0,1,0
11400108,11050174,4400,20060049,QB,failed,0,0,0
11400109,11050261,4500,20150937,QB,failed,0,1,0
11400110,11050267,4400,20130221,QB,failed,1,0,0
11400111,11050546,4900,20150001,QB,failed,0,0,0
11400112,11051522,4900,20150001,QB,good,0,1,0
11400113,11051869,4900,20150001,QB,failed,0,0,0
11400114,11052666,2100,20140178,QB,failed,0,0,0
11400115,11052843,2100,20150002,QB,failed,0,0,1
11400116,11052918,2250,20140003,QB,failed,0,0,0
11400117,11053458,2100,20090256,K,good,0,1,1
11400118,11053593,2100,20150002,QB,good,0,1,0
11400119,11054245,1800,20050024,QB,good,0,1,0
11400120,11054412,5110,20100085,QB,failed,0,0,0
12400001,12001854,3800,20030001,QB,failed,0,0,0
12400002,12002016,750,20050213,QB,good,0,1,0
12400003,12002475,2250,20160201,QB,good,0,1,0
12400004,12002633,200,20080003,QB,failed,0,0,0
12400005,12002651,200,20080003,QB,failed,0,0,0
12400006,12002821,3200,20000199,QB,good,0,1,0
12400007,12002999,3300,20010032,QB,failed,0,0,0
12400008,12003627,200,20080003,QB,good,0,1,0
12400009,12004075,325,20080160,QB,good,0,1,0
12400010,12004426,325,20080018,QB,good,0,1,0
12400011,12004759,2700,20120008,QB,failed,0,1,0
12400012,12004923,325,20080018,QB,failed,0,0,0
12400013,12004966,325,20080018,QB,good,0,1,0
12400014,12005157,3700,20160002,QB,failed,0,0,0
12400015,12005291,325,20080018,QB,good,0,1,0
12400016,12005637,3800,20030001,QB,failed,0,0,0
12400017,12005919,2200,20110767,QB,failed,0,0,0
12400018,12006015,610,20160139,QB,failed,0,0,0
12400019,12006545,610,20130016,QB,good,0,1,0
12400020,12006633,610,20130016,QB,good,0,1,0
12400021,12007359,3800,20030001,QB,failed,0,0,0
12400022,12007677,2310,20050001,QB,good,0,1,0
12400023,12007923,3200,20000199,QB,failed,0,0,0
12400024,12008048,750,20100199,QB,good,0,1,0
12400025,12008337,3900,20140534,QB,failed,1,0,0
12400026,12008496,4400,20040004,QB,failed,0,0,0
12400027,12008833,4900,20150001,QB,good,0,1,0
12400028,12009192,1540,20090001,QB,good,0,1,0
12400029,12011567,920,20160931,QB,failed,0,0,0
12400030,12011896,3900,20040011,QB,failed,0,0,0
12400031,12013043,1050,20060081,QB,failed,0,0,0
12400032,12013426,1050,20020081,QB,good,0,1,0
12400033,12013501,3900,20040011,QB,good,0,1,0
12400034,12015507,5110,20120102,QB,failed,0,0,0
12400035,12016213,1400,20150250,QB,good,0,1,0
12400036,12016393,2310,20050001,QB,good,0,1,0
12400037,12016883,2520,20160100,QB,failed,0,0,0
12400038,12017078,4400,20040004,QB,good,0,1,1
12400039,12017079,4400,20040004,QB,failed,0,0,0
12400040,12017931,1800,20050024,QB,good,0,1,0
12400041,12018714,2100,20150002,QB,failed,1,0,0
12400042,12019156,1050,20160093,QB,failed,0,0,0
12400043,12019806,1800,20050024,QB,failed,0,0,0
12400044,12022581,2200,20110767,QB,failed,1,0,0
12400045,12022639,2200,20140596,QB,failed,0,0,1
12400046,12022640,2200,20140596,QB,failed,0,0,0
12400047,12022929,2200,20120001,QB,good,0,1,0
12400048,12023972,2200,20120001,QB,failed,0,0,0
12400049,12024452,2250,20080057,QB,good,0,1,0
12400050,12024995,2250,20140003,QB,good,0,1,0
12400051,12027024,2310,20050001,QB,good,0,1,1
12400052,12027025,2310,20050001,QB,failed,0,0,0
12400053,12027681,2100,20150002,QB,failed,0,0,0
12400054,12029460,3800,20030001,QB,good,0,1,0
12400055,12029749,2700,20120008,QB,good,0,1,0
12400056,12029803,610,20110180,QB,good,0,1,0
12400057,12029938,1050,20160093,QB,good,0,1,0
12400058,12030136,3200,20000199,QB,good,0,1,0
12400059,12030333,3900,20040011,QB,good,0,1,0
12400060,12031391,3000,20100001,QB,failed,0,0,0
12400061,12032475,3000,20020439,QB,good,0,1,0
12400062,12032907,810,20060011,QB,good,0,1,0
12400063,12032953,3200,20140062,QB,good,0,1,0
12400064,12033040,810,20140498,QB,good,0,1,0
12400065,12034020,3300,20040106,QB,failed,0,0,0
12400066,12034387,3900,20040011,QB,good,0,1,0
12400067,12034546,4600,20120075,QB,failed,0,0,0
12400068,12035072,750,20110001,QB,good,0,1,0
12400069,12035374,1540,20090001,QB,failed,0,0,0
12400070,12035714,2520,20140036,QB,failed,0,0,0
12400071,12035727,2520,20140036,QB,good,0,1,0
12400072,12035748,2520,20140036,QB,good,0,1,0
12400073,12036047,3300,20010032,QB,failed,0,1,0
12400074,12037278,3200,20000199,QB,failed,0,0,0
12400075,12039174,3200,20000199,QB,failed,0,1,0
12400076,12039854,2520,20140036,QB,good,0,1,0
12400077,12039986,750,20110001,QB,failed,0,0,0
12400078,12039999,750,20110001,QB,failed,0,0,0
12400079,12040025,2520,20140036,QB,good,0,1,0
12400080,12040529,2200,20120001,QB,good,0,1,0
12400081,12040810,2520,20140036,QB,good,0,1,0
12400082,12040977,4600,20160788,QB,failed,0,0,0
12400083,12041304,3700,20160002,QB,failed,0,0,1
12400084,12042184,3430,20150103,QB,failed,0,0,0
12400085,12042769,3700,20160002,QB,failed,0,0,0
12400086,12042796,5110,20120102,QB,failed,0,0,0
12400087,12042891,325,20080018,QB,good,0,1,0
12400088,12043358,3900,20040011,QB,failed,0,0,0
12400089,12043381,3900,20040011,QB,failed,0,0,0
12400090,12043489,3900,20040011,QB,failed,0,0,0
12400091,12043501,1200,20160135,QB,failed,0,0,0
12400092,12043508,3900,20040011,QB,failed,0,0,0
12400093,12043515,1200,20160135,QB,failed,0,0,0
12400094,12043642,1540,20160191,QB,good,0,1,0
12400095,12043703,3900,20040011,QB,good,0,1,0
12400096,12043980,2700,20070701,QB,failed,0,0,0
12400097,12044215,3900,20040011,QB,failed,0,0,0
12400098,12046058,4900,20150001,QB,good,0,1,0
12400099,12046394,4600,20120075,QB,good,0,1,0
12400100,12047622,3000,20020439,QB,good,0,1,0
12400101,12047891,3700,20160002,QB,good,0,1,0
12400102,12049892,200,20080003,QB,failed,0,0,0
12400103,12049963,4900,20130073,QB,good,0,1,0
12400104,12050127,750,20110001,QB,failed,0,0,0
12400105,12050785,4900,20150001,QB,failed,0,0,0
12400106,12050809,4900,20150001,QB,failed,0,0,0
12400107,12051127,4900,20150001,QB,good,0,1,0
12400108,12051647,2100,20120875,QB,failed,0,0,0
12400109,12051805,1050,20160093,QB,failed,0,0,0
12400110,12052096,2100,20150002,QB,failed,0,0,0
12400111,12052337,2100,20080404,P,failed,0,0,0
12400112,12052836,2100,20150002,QB,failed,0,0,0
12400113,12054483,5110,20160187,QB,good,0,1,0
13453948,13086191,2100,20150002,QB,failed,0,1,0
13453949,13086210,2100,20150002,QB,failed,1,0,0
13453975,13088518,3700,20120088,QB,failed,0,0,0
13453976,13088624,3700,20120088,QB,failed,0,0,0
13453001,13000024,3800,20110010,QB,failed,0,0,1
13453003,13001351,1050,20170052,QB,failed,0,1,0
13453004,13001411,3700,20160002,QB,failed,0,0,0
13453005,13001866,4500,20170104,QB,good,0,1,0
13453006,13002346,2700,20140183,QB,failed,0,0,0
13453048,13004495,3800,20110010,QB,failed,0,0,0
13453049,13004956,2200,20140596,QB,failed,0,0,0
13453050,13005729,325,20160690,QB,good,0,1,0
13453093,13008559,200,20120635,QB,good,0,1,0
13453094,13009366,750,20140214,QB,good,0,1,0
13453095,13009378,2250,20140003,QB,failed,0,0,0
13453096,13010016,3430,20150103,QB,good,0,1,0
13453183,13016685,3430,20020081,QB,failed,0,0,0
13453184,13017626,1540,20090001,QB,failed,0,0,0
13453185,13017646,1540,20090001,QB,failed,0,0,0
13453186,13017676,3800,20030001,QB,failed,0,0,0
13453187,13018976,3700,20160002,QB,good,0,1,0
13453228,13020781,1800,20050024,QB,failed,0,0,0
13453229,13021801,2250,20140003,QB,failed,0,0,0
13453273,13026547,3200,20000199,QB,good,0,1,0
13453274,13027060,4500,20090501,QB,failed,0,0,0
13453275,13027212,4600,20120075,QB,failed,0,0,0
13453318,13029259,3900,20040011,QB,failed,0,0,0
13453319,13029660,1200,20160135,QB,failed,0,0,1
13453320,13029661,1200,20160135,QB,failed,0,0,0
13453321,13030726,1540,20090001,QB,good,0,1,0
13453322,13031196,2200,20160091,QB,failed,0,0,0
13453323,13031232,4600,20120075,QB,good,0,1,0
13453324,13031448,4900,20150001,QB,failed,0,0,0
13453325,13031461,3410,20040001,QB,failed,0,0,0
13453363,13033495,1800,20050024,QB,failed,0,0,0
13453364,13033800,2120,20170012,QB,failed,0,0,0
13453365,13033826,2310,20050001,QB,failed,0,0,0
13453366,13033849,2120,20170012,QB,failed,0,0,0
13453367,13034520,3410,20040001,QB,failed,0,0,0
13453408,13037080,4900,20050250,QB,failed,0,0,0
13453409,13037116,4900,20050250,QB,failed,0,0,0
13453410,13037446,325,20080018,QB,good,0,1,0
13453411,13037889,2120,20170012,QB,good,0,1,0
13453453,13043359,1200,20160135,QB,failed,0,0,0
13453498,13045254,325,20110074,QB,failed,0,0,0
13453499,13046124,1400,20150250,QB,failed,0,0,0
13453500,13046269,4400,20040004,QB,failed,0,0,0
13453501,13046443,810,20170002,QB,failed,0,0,0
13453502,13046698,3700,20160002,QB,good,0,1,0
13453543,13050946,4600,20120075,QB,failed,0,0,0
13453544,13050973,4600,20120075,QB,failed,0,0,0
13453588,13054540,3900,20040011,QB,good,0,1,0
13453589,13054682,2250,20140003,QB,good,0,1,0
13453633,13057790,3700,20160002,QB,good,0,1,0
13453634,13057809,3700,20160002,QB,failed,0,1,0
13453635,13057814,3700,20160002,QB,good,0,1,0
13453636,13059296,2520,20140036,QB,good,0,1,0
13453637,13059657,4600,20120075,QB,good,0,1,0
13453678,13061584,3800,20110010,QB,good,0,1,0
13453679,13062219,1200,20160135,QB,failed,0,0,0
13453680,13063190,750,20110001,QB,failed,0,1,0
13453681,13063217,750,20110001,QB,failed,0,0,0
13453682,13063620,3900,20040011,QB,good,0,1,0
13453723,13066834,2250,20120207,P,failed,0,0,0
13453724,13066855,2250,20140003,QB,good,0,1,0
13453725,13067199,1400,20150250,QB,failed,0,0,0
13453726,13067570,3430,20020081,QB,failed,0,1,1
13453768,13070030,2200,20160091,QB,good,0,1,1
13453769,13070208,3000,20120511,QB,good,0,1,0
13453770,13071178,2520,20140036,QB,good,0,1,0
13453771,13072029,3900,20040011,QB,failed,0,0,1
13453813,13074457,1400,20120057,QB,good,0,1,0
13453814,13075146,3430,20150103,QB,failed,0,0,0
13453815,13075292,3410,20040001,QB,failed,1,0,0
13453816,13075648,3200,20000199,QB,good,0,1,0
13453858,13079008,2120,20110152,QB,failed,0,0,0
13453859,13080035,2250,20140003,QB,good,0,1,0
13453860,13080390,1400,20120057,QB,good,0,1,0
13453903,13082486,1800,20150147,QB,good,0,1,0
13453904,13082496,1540,20100060,WR,good,0,1,0
13453905,13083115,2700,20140183,QB,failed,0,0,0
13453906,13083495,3410,20040001,QB,failed,0,0,0
13453907,13084297,4900,20150001,QB,good,0,1,0
14453948,14086026,4400,20040004,QB,good,0,1,0
14453949,14086204,810,20170002,QB,failed,0,1,0
14453959,14087215,1200,20160135,QB,good,0,1,0
14453960,14087421,4400,20040004,QB,good,0,1,0
14453961,14087452,4400,20040004,QB,failed,0,0,0
14453001,14000160,810,20130659,QB,failed,0,0,0
14453003,14000756,610,20180007,QB,failed,1,0,0
14453004,14001090,3000,20170534,QB,good,0,1,0
14453005,14001764,2700,20150103,QB,good,0,1,0
14453006,14001905,3200,20090501,QB,good,0,1,0
14453007,14001996,1050,20180001,QB,failed,0,0,0
14453008,14002893,4500,20170790,QB,failed,0,0,1
14453009,14002910,4500,20170790,QB,failed,0,0,1
14453010,14002911,4500,20170790,QB,good,0,1,0
14453048,14004453,2310,20130839,QB,good,0,1,0
14453049,14004489,750,20110001,QB,failed,1,0,0
14453050,14004916,920,20160207,QB,good,0,1,0
14453051,14005023,1400,20120511,QB,good,0,1,0
14453052,14005447,3900,20170135,QB,failed,0,0,0
14453053,14005470,3900,20170135,QB,failed,0,0,0
14453054,14005970,4600,20180220,QB,good,0,1,0
14453055,14006094,2520,20160100,QB,failed,0,1,0
14453056,14006659,3300,20180617,QB,failed,0,0,0
14453093,14008679,750,20150870,QB,failed,0,1,0
14453094,14009360,4500,20170790,QB,failed,0,0,1
14453095,14009562,3300,20010032,QB,good,0,1,0
14453096,14009801,2120,20100199,QB,failed,1,0,0
14453097,14010019,3000,20120102,QB,failed,0,0,0
14453098,14010152,3000,20170534,QB,good,0,1,0
14453099,14010612,2100,20110010,QB,failed,0,0,0
14453100,14010798,1540,20160191,QB,failed,0,0,0
14453138,14012591,1400,20160026,QB,failed,1,0,1
14453139,14012958,5110,20160162,QB,failed,0,0,0
14453140,14013090,610,20140164,QB,failed,0,0,0
14453141,14013119,610,20140164,QB,failed,0,0,0
14453142,14013140,610,20140164,QB,failed,0,0,0
14453143,14013317,2200,20170615,QB,failed,0,0,0
14453144,14013402,1050,20180001,QB,failed,0,1,1
14453145,14013846,3300,20170562,QB,failed,0,0,0
14453146,14013959,3300,20180617,QB,failed,0,0,0
14453147,14014879,2250,20180203,QB,failed,0,0,0
14453148,14014884,2250,20180203,QB,failed,0,0,0
14453183,14016706,3800,20100001,QB,failed,0,0,0
14453184,14016822,325,20080018,QB,failed,0,0,0
14453185,14018010,4400,20040004,QB,failed,0,0,0
14453186,14018076,4400,20040004,QB,good,0,1,0
14453187,14018799,3300,20010032,QB,good,0,1,0
14453228,14021287,325,20080018,QB,failed,0,0,0
14453229,14021792,3000,20120102,QB,good,0,1,0
14453230,14022078,2510,20160001,QB,good,0,1,0
14453231,14022518,3900,20040011,QB,good,0,1,0
14453273,14025008,200,20080003,QB,good,0,1,0
14453274,14025027,200,20080003,QB,good,0,1,0
14453275,14025521,1050,20180001,QB,failed,1,0,1
14453276,14025522,1050,20140063,WR,good,0,1,0
14453277,14025849,2120,20170012,QB,failed,0,1,0
14453278,14026158,4500,20140062,QB,good,0,1,0
14453279,14026658,3000,20120102,QB,failed,0,0,0
14453318,14029091,200,20080003,QB,failed,0,1,0
14453319,14029138,920,20110035,QB,failed,0,0,0
14453320,14029933,2200,20120001,QB,failed,0,0,0
14453321,14029955,2200,20120001,QB,good,0,1,0
14453322,14030130,3430,20180003,QB,failed,0,0,0
14453323,14030160,2250,20140003,QB,failed,0,0,0
14453324,14030236,4400,20040004,QB,good,0,1,0
14453325,14030441,3000,20120102,QB,good,0,1,0
14453326,14030784,3410,20040001,QB,good,0,1,0
14453327,14030850,1050,20180001,QB,failed,0,0,0
14453328,14030995,2520,20140036,QB,good,0,1,0
14453329,14031098,3900,20040011,QB,good,0,1,0
14453363,14033164,3410,20040001,QB,good,0,1,0
14453364,14033651,1800,20050024,QB,good,0,1,0
14453365,14033674,1800,20050024,QB,failed,0,0,0
14453366,14034553,5110,20050001,QB,failed,0,0,0
14453367,14034727,1400,20120511,QB,failed,0,0,0
14453368,14035361,4500,20170104,QB,failed,0,0,0
14453369,14035394,4500,20170104,QB,failed,0,0,0
14453408,14037089,4900,20150001,QB,failed,0,0,0
14453409,14037289,3900,20040011,QB,failed,0,0,1
14453410,14037290,3900,20040011,QB,good,0,1,0
14453411,14037433,1050,20180001,QB,good,0,1,0
14453412,14038235,2700,20120057,QB,good,0,1,0
14453413,14039393,750,20110001,QB,good,0,1,0
14453453,14041340,3410,20040001,QB,failed,0,0,0
14453454,14042314,2100,20150002,QB,failed,0,0,1
14453455,14042315,2100,20150002,QB,failed,0,0,0
14453456,14042775,750,20110001,QB,good,0,1,0
14453498,14045280,3800,20180010,QB,good,0,1,0
14453499,14045425,3200,20000199,QB,failed,0,0,0
14453500,14045593,750,20110001,QB,failed,0,0,0
14453501,14045960,4900,20050250,QB,good,0,1,0
14453502,14046375,2250,20140003,QB,failed,0,0,0
14453503,14046701,2510,20160001,QB,good,0,1,0
14453504,14047183,2200,20120001,QB,good,0,1,0
14453505,14047410,1050,20180001,QB,failed,0,0,0
14453543,14049524,610,20170171,QB,failed,0,0,0
14453544,14049772,1050,20180001,QB,failed,0,0,0
14453545,14049795,1050,20180001,QB,failed,0,1,0
14453546,14049842,1050,20180001,QB,failed,1,0,0
14453547,14050801,2510,20160001,QB,good,0,1,0
14453548,14050873,4400,20040004,QB,failed,0,0,0
14453588,14053394,810,20170002,QB,good,0,1,0
14453589,14053418,1540,20090001,QB,failed,0,0,0
14453590,14053426,1540,20090001,QB,failed,0,1,0
14453591,14053732,200,20080003,QB,failed,1,0,0
14453592,14054185,2310,20170010,QB,failed,0,0,0
14453633,14057882,810,20170002,QB,good,0,1,0
14453634,14057955,810,20170002,QB,good,0,1,0
14453635,14057969,3000,20120102,QB,failed,0,0,1
14453636,14057970,3000,20120102,QB,good,0,1,0
14453637,14057992,3000,20120102,QB,failed,0,0,0
14453638,14058144,750,20110001,QB,failed,0,0,0
14453639,14058416,3900,20040011,QB,failed,0,0,0
14453678,14062486,810,20090435,QB,failed,0,0,0
14453679,14062522,1540,20090001,QB,failed,0,0,0
14453680,14063508,3410,20040001,QB,failed,0,0,0
14453723,14065673,200,20080003,QB,failed,0,0,0
14453724,14066480,1050,20180001,QB,failed,0,1,0
14453725,14066774,610,20180007,QB,good,0,1,0
14453726,14067458,3700,20160002,QB,good,0,1,0
14453727,14067608,4400,20040004,QB,good,0,1,0
14453728,14067617,4400,20040004,QB,good,0,1,0
14453768,14071029,920,20160207,QB,failed,0,1,0
14453769,14071100,920,20160207,QB,failed,1,0,0
14453770,14071561,4600,20120075,QB,good,0,1,0
14453771,14072204,5110,20080160,QB,good,0,1,0
14453772,14072214,5110,20080160,QB,good,0,1,0
14453813,14073766,200,20080003,QB,failed,0,0,0
14453814,14074039,1540,20130165,P,failed,0,0,0
14453815,14074273,3300,20010032,QB,failed,0,0,0
14453816,14074405,1800,20050024,QB,good,0,1,0
14453817,14075270,4400,20040004,QB,good,0,1,0
14453858,14078207,920,20160207,QB,good,0,1,0
14453859,14079172,610,20150971,P,failed,0,0,0
14453860,14079254,3900,20040011,QB,good,0,1,0
14453861,14079516,1800,20050024,QB,failed,0,0,1
14453862,14079768,3700,20120088,QB,failed,1,0,0
14453903,14082277,3410,20040001,QB,failed,0,0,1
14453904,14082278,3410,20040001,QB,good,0,1,0
14453905,14082335,1200,20160135,QB,good,0,1,0
14453906,14082473,1400,20120511,QB,failed,0,0,0
14453907,14083122,4500,20170790,QB,good,0,1,0
14453908,14083250,810,20170002,QB,good,0,1,0
14453909,14084042,4900,20150001,QB,failed,0,0,0
14453910,14084050,4900,20150001,QB,failed,0,0,0
15453948,15086045,2120,20170012,QB,good,0,1,0
15453959,15087067,325,20180032,QB,failed,0,0,0
15453960,15087234,4600,20120075,QB,failed,1,0,0
15453970,15088223,1800,20050024,QB,failed,0,0,0
15453003,15000386,4400,20190166,QB,failed,0,0,0
15453004,15001124,3200,20190133,QB,failed,0,0,0
15453005,15001173,3200,20190133,QB,good,0,1,0
15453006,15001585,200,20040090,QB,failed,0,0,0
15453007,15001713,200,20120635,QB,good,0,1,0
15453008,15001816,3300,20140032,QB,failed,0,0,0
15453009,15002298,2100,20120008,QB,good,0,1,0
15453010,15002510,4900,20130491,QB,failed,0,0,0
15453011,15002557,4900,20130491,QB,failed,0,0,0
15453012,15002578,4900,20130491,QB,failed,0,0,0
15453013,15002728,1400,20190042,QB,good,0,1,0
15453048,15004981,750,20150870,QB,failed,0,1,1
15453049,15005280,1540,20140183,QB,failed,0,0,1
15453050,15005475,2200,20170253,QB,good,0,1,0
15453051,15005825,3300,20170562,QB,failed,1,0,0
15453052,15006306,3410,20120875,QB,failed,0,0,0
15453053,15006676,2700,20160191,QB,good,0,1,0
15453054,15006726,3200,20090501,QB,good,0,1,0
15453093,15008687,3410,20180108,QB,good,0,1,0
15453094,15008707,920,20190621,QB,failed,0,0,0
15453095,15009809,3000,20170534,QB,failed,0,0,0
15453096,15010315,2520,20170171,QB,failed,0,0,0
15453097,15010383,325,20190197,QB,good,0,1,1
15453098,15010396,325,20190197,QB,failed,0,0,0
15453138,15012803,750,20150870,QB,good,0,1,0
15453139,15013459,1200,20191036,QB,failed,0,0,0
15453140,15014101,2250,20180220,QB,failed,1,0,0
15453141,15014147,3200,20190133,QB,failed,0,0,0
15453142,15014229,3410,20180108,QB,failed,0,0,0
15453143,15014243,3410,20180108,QB,failed,0,0,0
15453144,15014394,3300,20170562,QB,failed,0,1,0
15453145,15014733,2520,20170171,QB,failed,1,0,0
15453183,15016746,3800,20190001,QB,good,0,1,0
15453184,15017587,2250,20190178,QB,failed,0,0,0
15453185,15018051,200,20080003,QB,failed,0,0,0
15453186,15018076,200,20080003,QB,failed,0,1,0
15453187,15018509,3430,20180003,QB,good,0,1,0
15453188,15019202,4500,20140062,QB,good,0,1,0
15453228,15020798,3700,20160002,QB,good,0,1,0
15453229,15020949,3800,20190001,QB,good,0,1,0
15453230,15021493,1400,20080018,QB,good,0,1,0
15453231,15022935,3900,20180076,QB,failed,0,0,0
15453273,15024929,610,20180007,QB,good,0,1,0
15453274,15026001,325,20180032,QB,failed,0,0,0
15453275,15027111,3410,20190006,QB,good,0,1,0
15453276,15027301,5110,20120511,QB,failed,0,0,0
15453318,15029255,1050,20180001,QB,failed,0,0,0
15453319,15029607,3000,20120102,QB,failed,0,1,0
15453320,15030081,3700,20160002,QB,failed,0,0,0
15453321,15030661,2510,20160001,QB,failed,0,0,0
15453363,15033564,200,20080003,QB,good,0,1,0
15453364,15034536,3430,20180199,QB,failed,0,0,0
15453365,15034895,4600,20120075,QB,failed,0,0,0
15453408,15037456,1050,20180001,QB,good,0,1,0
15453409,15038112,2120,20170012,QB,good,0,1,0
15453410,15038594,2700,20050250,QB,failed,0,0,0
15453411,15039085,1200,20160135,QB,failed,0,0,0
15453412,15039221,4900,20150001,QB,good,0,1,0
15453453,15041526,810,20170002,QB,good,0,1,0
15453454,15041680,2250,20190178,QB,good,0,1,0
15453455,15042205,1540,20090001,QB,failed,0,0,0
15453498,15045216,200,20040090,QB,good,0,1,0
15453499,15045274,200,20040090,QB,failed,0,0,0
15453500,15045712,3410,20190006,QB,failed,0,0,0
15453501,15046225,3430,20180003,QB,good,0,1,0
15453502,15047278,4500,20190110,P,failed,1,0,0
15453503,15047303,750,20180463,QB,failed,0,1,1
15453504,15047464,4900,20150001,QB,failed,0,0,0
15453505,15047477,4900,20150001,QB,good,0,1,0
15453543,15049346,3800,20190001,QB,good,0,1,0
15453544,15049820,2100,20120008,QB,failed,0,0,0
15453545,15051270,2200,20090501,QB,failed,0,0,0
15453546,15051405,4600,20120075,QB,good,0,1,0
15453588,15053886,3000,20120102,QB,good,0,1,0
15453589,15054054,750,20180463,QB,failed,0,0,0
15453590,15054495,3410,20160228,P,failed,0,0,0
15453591,15054526,3410,20190006,QB,good,0,1,1
15453592,15054543,3410,20190006,QB,good,0,1,0
15453593,15055082,4500,20140062,QB,good,0,1,0
15453633,15057625,200,20080003,QB,failed,1,0,0
15453634,15058000,1540,20160207,QB,failed,0,0,0
15453635,15058174,2250,20120088,QB,failed,0,0,0
15453636,15058298,4400,20040004,QB,good,0,1,0
15453637,15058636,2700,20050250,QB,failed,0,1,0
15453638,15058811,3000,20120102,QB,failed,0,1,0
15453639,15059318,4500,20140062,QB,failed,0,0,0
15453640,15059662,5110,20190015,QB,good,0,1,0
15453641,15059690,5110,20190015,QB,failed,0,0,1
15453642,15059691,5110,20190015,QB,failed,0,0,0
15453678,15061622,200,20040090,QB,failed,0,0,0
15453679,15061889,810,20170002,QB,good,0,1,1
15453680,15062826,750,20180463,QB,failed,0,0,0
15453681,15062856,3300,20010032,QB,good,0,1,1
15453682,15063345,1800,20050024,QB,good,0,1,0
15453683,15063503,2250,20120088,QB,good,0,1,0
15453684,15063517,2250,20120088,QB,failed,0,0,0
15453723,15065843,200,20080003,QB,failed,0,1,0
15453724,15066073,5110,20190015,QB,failed,0,0,0
15453725,15066504,1200,20160135,QB,good,0,1,0
15453726,15066985,3200,20000199,QB,failed,0,0,0
15453727,15067288,2250,20190178,QB,good,0,1,0
15453728,15067570,3700,20160002,QB,good,0,1,0
15453729,15067606,2700,20050250,QB,failed,1,0,0
15453730,15067625,2700,20050250,QB,good,0,1,0
15453768,15070065,610,20180007,QB,good,0,1,0
15453769,15071565,3300,20010032,QB,failed,0,0,0
15453770,15072193,2200,20160091,QB,good,0,1,0
15453813,15073975,3430,20180003,QB,good,0,1,0
15453814,15074480,2510,20160001,QB,failed,0,0,1
15453815,15074498,2510,20160001,QB,failed,0,0,0
15453816,15074857,2310,20050099,P,failed,0,0,0
15453817,15074933,2310,20170010,QB,good,0,1,0
15453858,15077889,2250,20190178,QB,failed,0,0,0
15453859,15078217,1050,20180001,QB,failed,0,0,0
15453860,15078826,920,20110035,QB,failed,0,0,0
15453861,15078890,920,20110035,QB,good,0,1,0
15453862,15079041,1800,20050024,QB,good,0,1,0
15453863,15079221,3200,20000199,QB,good,0,1,0
15453903,15082774,2520,20140036,QB,failed,0,0,0
15453904,15083215,2250,20190178,QB,good,0,1,0
15453905,15084200,4500,20140062,QB,failed,0,1,0
