twoPtRecId,playId,teamId,playerId,twoPointRecPosition,twoPtRecResult,twoPtRecComp,twoPtRecNull
410001,115,3800,19900017,RB,failed,0.0,0
410002,2564,3300,19960135,WR,good,1.0,0
410003,3999,325,20040199,WR,good,1.0,0
410004,4990,3900,20000008,WR,failed,0.0,0
410005,7442,750,20030076,TE,good,1.0,0
410006,11441,920,20030065,WR,failed,0.0,0
410007,12388,1050,19990069,TE,good,1.0,0
410008,15345,1400,19970137,TE,failed,0.0,0
410009,15597,2120,20020662,WR,failed,0.0,0
410010,16250,2520,20000047,WR,failed,0.0,0
410011,16262,2520,20020055,TE,failed,0.0,0
410012,16499,3800,20040003,WR,failed,0.0,0
410013,16873,810,19990179,TE,failed,0.0,0
410014,17193,2120,20020033,WR,failed,0.0,0
410015,17537,1540,19990171,WR,good,1.0,0
410016,17702,1540,19990171,WR,failed,0.0,0
410017,18712,1800,19990213,WR,good,1.0,0
410018,22458,2250,20040120,WR,good,1.0,0
410019,22670,3430,20010124,WR,good,1.0,0
410020,24244,2250,20040407,TE,good,1.0,0
410021,24425,2250,20040009,WR,good,1.0,0
410022,25357,2310,19960054,TE,failed,0.0,0
410023,26052,2310,19960018,WR,failed,0.0,0
410024,26400,2310,19960018,WR,good,1.0,0
410025,26751,2700,20020114,TE,good,1.0,0
410026,26931,2700,20010052,WR,good,1.0,0
410027,27425,2700,19990078,WR,failed,0.0,0
410028,27435,2700,20010052,WR,failed,0.0,0
410029,28496,810,20030143,WR,failed,1.0,0
410030,28805,3000,20030071,WR,good,1.0,0
410031,29313,3000,20030071,WR,failed,0.0,0
410032,31376,4600,20020028,TE,good,1.0,0
410033,32418,3300,20030704,TE,failed,0.0,0
410034,34031,1200,20030069,TE,good,1.0,0
410035,35432,3430,19950403,WR,failed,0.0,0
410036,36405,3430,20000027,TE,failed,0.0,0
410037,37865,4900,19950048,TE,failed,0.0,0
410038,37892,4900,19950048,TE,good,1.0,0
410039,38531,3700,20030061,TE,failed,0.0,0
410040,38706,750,20040062,WR,good,1.0,0
410041,39042,3700,19970407,TE,failed,0.0,0
410042,41760,2520,19980192,WR,good,1.0,0
410043,43529,4400,20020518,TE,failed,0.0,0
410044,44382,4600,20030657,WR,failed,0.0,0
410045,44708,4600,20000080,WR,good,1.0,0
410046,45851,4500,20030161,TE,failed,0.0,0
410047,45928,4500,20030124,WR,good,1.0,0
410048,46110,4500,20030124,WR,failed,0.0,0
410049,46865,4500,20040031,WR,failed,0.0,0
410050,47221,4500,19930007,WR,failed,0.0,0
410051,47261,4500,19930007,WR,good,1.0,0
410052,48041,3300,20010548,TE,failed,0.0,0
410053,48072,2510,20030074,WR,good,1.0,0
410054,48213,3430,20000027,TE,failed,0.0,0
410055,49360,4900,19950008,WR,failed,0.0,0
410056,49508,4900,20030451,TE,failed,0.0,0
410057,51451,1540,20040007,WR,failed,0.0,0
410058,52077,2100,19970098,WR,failed,0.0,0
410059,52094,2250,20040009,WR,good,1.0,0
410060,53123,5110,20030044,WR,good,1.0,0
410061,53297,1400,20020599,WR,good,1.0,0
410062,53466,1800,20010041,WR,good,1.0,0
410063,53628,3000,20030105,RB,good,1.0,0
1410001,1001100,3800,20030054,WR,failed,0.0,0
1410002,1001969,200,19980478,WR,good,1.0,0
1410003,1002140,200,19980478,WR,good,1.0,0
1410004,1002616,200,19980478,WR,good,1.0,0
1410005,1003444,2100,20050549,TE,good,1.0,0
1410006,1004075,325,20020590,WR,failed,0.0,0
1410007,1005092,325,20020590,WR,failed,0.0,0
1410008,1005122,325,20020590,WR,good,1.0,0
1410009,1007150,1800,20010478,WR/KR,failed,0.0,0
1410010,1007160,750,20010074,WR,failed,0.0,0
1410011,1007170,1800,20010198,TE,good,1.0,0
1410012,1007192,1800,20010041,WR,good,1.0,0
1410013,1007988,3900,20050430,WR,good,1.0,0
1410014,1010271,920,20020067,TE,good,1.0,0
1410015,1011403,3000,19970108,WR,good,1.0,0
1410016,1017091,5110,19960458,WR,failed,0.0,0
1410017,1020943,2120,20010557,TE,failed,0.0,0
1410018,1021927,2120,19980150,WR,good,1.0,0
1410019,1023188,2200,20010030,WR,good,1.0,0
1410020,1025953,3200,19950039,TE,failed,0.0,0
1410021,1026283,2520,20000047,WR,failed,0.0,0
1410022,1026428,3700,20020091,RB,good,1.0,0
1410023,1026901,2310,20010616,WR,good,1.0,0
1410024,1028349,3200,19930198,WR,failed,0.0,0
1410025,1028384,2700,20050002,RB,failed,1.0,0
1410026,1028689,4900,20050071,TE,good,1.0,0
1410027,1029834,3300,20030704,TE,failed,0.0,0
1410028,1030870,2200,20010030,WR,failed,0.0,0
1410029,1031223,3200,20050771,WR,failed,0.0,0
1410030,1031342,3300,19960135,WR,failed,0.0,0
1410031,1032075,2520,19980021,WR,failed,0.0,0
1410032,1034104,3800,20050612,TE,failed,0.0,0
1410033,1037290,3430,19950403,WR,failed,0.0,0
1410034,1037603,3800,20030576,WR,failed,0.0,0
1410035,1038239,1400,20020191,TE,good,1.0,0
1410036,1044579,200,20010035,TE,good,1.0,0
1410037,1045779,3410,20020014,TE,good,1.0,0
1410038,1046530,1200,19990079,TE,failed,0.0,0
1410039,1046628,1200,19960001,WR,good,1.0,0
1410040,1047456,4500,19940021,WR,failed,0.0,0
1410041,1048130,3800,20030054,WR,good,1.0,0
1410042,1048158,2510,20030402,RB,good,1.0,0
1410043,1050739,4900,20050071,TE,good,1.0,0
1410044,1051175,5110,20020051,RB,good,1.0,0
1410045,1052417,2100,20030093,RB,failed,0.0,0
1410046,1052851,4500,19990157,FB,good,1.0,0
2410001,2000414,1400,20030624,WR,failed,0.0,0
2410002,2000467,1400,20040247,RB,failed,0.0,0
2410003,2005887,3000,20000010,WR,failed,0.0,0
2410004,2007168,1200,19960089,WR,good,1.0,0
2410005,2007516,3300,19960135,WR,good,1.0,0
2410006,2010480,200,19970421,TE,failed,0.0,0
2410007,2012102,325,20010031,TE,failed,0.0,0
2410008,2013702,1540,20050010,WR,failed,0.0,0
2410009,2015737,2200,20010030,WR,good,1.0,0
2410010,2020800,2700,20010052,WR,failed,0.0,0
2410011,2022288,2310,20040061,TE,good,1.0,0
2410012,2022612,2200,19960019,WR,good,1.0,0
2410013,2023248,2200,19960019,WR,failed,0.0,0
2410014,2023293,5110,20040081,TE,good,1.0,0
2410015,2024584,4900,20030064,DE,good,1.0,0
2410016,2025671,3300,20020655,WR,failed,0.0,0
2410017,2026146,2310,19970013,TE,good,1.0,0
2410018,2026604,2700,20010052,WR,failed,0.0,0
2410019,2026765,2700,19990078,WR,good,1.0,0
2410020,2027613,2700,19990078,WR,good,1.0,0
2410021,2028227,3800,20030054,WR,failed,0.0,0
2410022,2029378,3000,20000010,WR,failed,0.0,0
2410023,2030529,3200,19930198,WR,good,1.0,0
2410024,2031181,3200,20020048,WR,good,1.0,0
2410025,2031858,3300,19990218,TE,good,1.0,0
2410026,2034521,3700,20030061,TE,good,1.0,0
2410027,2035467,2120,20060170,RB,good,1.0,0
2410028,2041949,4400,20050061,WR,good,1.0,0
2410029,2043896,4600,20020065,WR,failed,0.0,0
2410030,2044047,4600,20020028,TE,good,1.0,0
2410031,2044416,3410,19960034,WR,failed,0.0,0
2410032,2045249,2510,19940033,WR,failed,0.0,0
2410033,2047471,2510,19940033,WR,good,1.0,0
2410034,2050655,2120,20030003,WR,failed,0.0,0
2410035,2051599,2100,20010471,WR,good,1.0,0
2410036,2052161,1200,20040216,WR,failed,0.0,0
2410037,2053218,5110,20010016,WR,good,1.0,0
3410001,3000473,1050,20040006,TE,good,1.0,0
3410002,3001650,2510,20020114,TE,failed,0.0,0
3410003,3002086,920,20010036,WR,failed,0.0,0
3410004,3002144,920,20070456,TE,failed,0.0,0
3410005,3003952,325,20040082,WR,failed,0.0,0
3410006,3005613,1200,19960089,WR,failed,0.0,0
3410007,3005725,1400,20020020,WR,failed,0.0,0
3410008,3008287,810,20070558,WR,failed,0.0,0
3410009,3008928,810,20070031,TE,good,1.0,0
3410010,3009841,4500,20000497,WR,good,1.0,0
3410011,3010261,920,20010411,HB,failed,1.0,0
3410012,3010485,2200,20070536,TE,failed,0.0,0
3410013,3010997,3430,20060117,RB/KR,good,1.0,0
3410014,3012890,1050,20050003,WR,failed,0.0,0
3410015,3012918,1050,19980055,WR,good,1.0,0
3410016,3015874,2520,20020235,WR,good,1.0,0
3410017,3017516,2310,19970013,TE,failed,0.0,0
3410018,3018061,4900,20000027,TE,failed,0.0,0
3410019,3021499,2120,20020047,WR,good,1.0,0
3410020,3024233,2520,20020235,WR,good,1.0,0
3410021,3024515,4900,20070473,FB,failed,0.0,0
3410022,3024529,4900,20070473,FB,failed,0.0,0
3410023,3026914,2700,20060082,WR,good,1.0,0
3410024,3029553,5110,20040081,TE,failed,0.0,0
3410025,3032969,3300,20060252,WR,failed,0.0,0
3410026,3034744,4500,20030197,WR,failed,0.0,0
3410027,3034852,5110,20040081,TE,failed,0.0,0
3410028,3035375,3430,20020088,TE,failed,0.0,0
3410029,3036489,5110,20020062,WR,good,1.0,0
3410030,3037365,1540,20030106,WR,failed,0.0,0
3410031,3037830,2310,20070023,WR,failed,0.0,0
3410032,3039461,3700,20070236,RB,good,1.0,0
3410033,3040415,3900,19980092,WR,good,1.0,0
3410034,3040764,3900,20060025,WR,good,1.0,0
3410035,3040926,3900,20050430,WR,failed,0.0,0
3410036,3042500,4400,20030112,LB,failed,0.0,0
3410037,3042592,2200,20020210,TE,good,1.0,0
3410038,3043752,325,20040082,WR,failed,0.0,0
3410039,3045228,4600,19940445,TE,good,1.0,0
3410040,3046365,4500,20060695,WR,failed,0.0,0
3410041,3046883,4900,20040015,WR,failed,0.0,0
3410042,3047073,2510,19990006,WR,good,1.0,0
3410043,3047212,200,20050027,WR,failed,0.0,0
3410044,3051978,3800,20040003,WR,failed,0.0,0
3410045,3052695,5110,20040081,TE,good,1.0,0
3410046,3053114,5110,20020062,WR,failed,0.0,0
3410047,3053159,3700,20060544,WR,failed,0.0,0
3410048,3053205,3700,20020067,TE,failed,0.0,0
4410001,4001167,3800,20080050,DE,failed,0.0,0
4410002,4001417,3700,20020091,RB,failed,0.0,0
4410003,4001433,3800,20070215,TE,good,1.0,0
4410004,4001926,3800,20040003,WR,failed,0.0,0
4410005,4007148,750,20060027,RB,failed,0.0,0
4410006,4010066,810,20030124,WR,good,1.0,0
4410007,4010970,2250,20000047,WR,failed,0.0,0
4410008,4011121,2310,19970013,TE,failed,0.0,0
4410009,4013168,1050,20050003,WR,good,1.0,0
4410010,4013805,920,20040687,TE,failed,0.0,0
4410011,4013982,2120,20070073,WR,failed,0.0,0
4410012,4014300,1200,20040007,WR,failed,0.0,0
4410013,4014795,4500,19940033,WR,failed,0.0,0
4410014,4016226,3300,20060002,RB,failed,0.0,0
4410015,4016559,4400,20070172,WR,good,1.0,0
4410016,4016573,1400,20080042,WR,good,1.0,0
4410017,4018265,5110,20020051,RB,failed,0.0,0
4410018,4018566,1800,20060052,WR,good,1.0,0
4410019,4019410,2120,20030003,WR,good,1.0,0
4410020,4019732,3000,20070044,WR,failed,0.0,0
4410021,4019949,1800,20070432,WR,failed,0.0,0
4410022,4020073,325,19970098,WR,good,1.0,0
4410023,4020696,1540,20070002,WR,good,1.0,0
4410024,4022388,1540,20030549,TE,good,1.0,0
4410025,4022828,2200,20010030,WR,good,1.0,0
4410026,4024394,3900,20050030,TE,failed,0.0,0
4410027,4025537,2310,20080570,FB,good,1.0,0
4410028,4025712,4400,20010052,WR,failed,0.0,0
4410029,4025718,4400,20030566,TE,failed,0.0,0
4410030,4025995,4900,19970007,WR,failed,0.0,0
4410031,4026031,4900,20050071,TE,good,1.0,0
4410032,4027044,3430,20060117,RB,failed,0.0,0
4410033,4027578,4600,20080038,TE,failed,0.0,0
4410034,4029983,3200,20050690,S,failed,0.0,0
4410035,4030732,3200,20020033,WR,good,1.0,0
4410036,4031426,200,20040029,WR,good,1.0,0
4410037,4031749,1800,20040569,WR,good,1.0,0
4410038,4032747,4500,20050065,RB,good,1.0,0
4410039,4033212,3410,20060130,WR,good,1.0,0
4410040,4034802,3800,20030054,WR,failed,0.0,0
4410041,4035163,3430,20040108,WR,failed,0.0,0
4410042,4035604,3430,20040108,WR,good,1.0,0
4410043,4037338,2520,20080226,WR,failed,0.0,0
4410044,4037656,4400,20050130,RB/KR,good,1.0,0
4410045,4037795,2520,20080226,WR,good,1.0,0
4410046,4037971,3800,20040003,WR,failed,0.0,0
4410047,4038827,3410,20000008,WR,failed,0.0,0
4410048,4041491,4400,20040564,WR,failed,0.0,0
4410049,4042421,2310,20080076,TE,failed,0.0,0
4410050,4042514,2310,19970013,TE,failed,0.0,0
4410051,4042819,3430,20070235,WR,failed,0.0,0
4410052,4043135,4400,20040564,WR,good,1.0,0
4410053,4043261,4600,19960052,WR,failed,0.0,0
4410054,4043785,3200,20040574,WR,good,1.0,0
4410055,4046507,2510,20070249,WR,failed,0.0,0
4410056,4046829,610,20040013,WR,good,1.0,0
4410057,4050286,2100,20060774,FB,good,1.0,0
4410058,4051563,610,20040461,WR,good,1.0,0
4410059,4051782,1050,20050003,WR,good,1.0,0
4410060,4052349,5110,20020056,RB,failed,0.0,0
5410001,5000334,3800,20080081,WR,failed,0.0,0
5410002,5004668,3430,20080171,WR,failed,0.0,0
5410003,5005619,2120,20030003,WR,good,1.0,0
5410004,5006593,4900,20060090,WR,failed,0.0,0
5410005,5006737,200,20070244,RB,failed,1.0,0
5410006,5007370,750,20080136,WR,failed,0.0,0
5410007,5008161,750,20010074,WR,good,1.0,0
5410008,5008944,1800,20060052,WR,good,1.0,0
5410009,5009443,810,20080044,RB,good,1.0,0
5410010,5010410,1400,20060119,WR,failed,0.0,0
5410011,5010572,1540,20070002,WR,failed,0.0,0
5410012,5011331,920,20080097,WR,failed,0.0,0
5410013,5011356,920,20070052,RB,good,1.0,0
5410014,5017527,1540,20040444,WR,good,1.0,0
5410015,5017978,1540,20020054,RB,good,1.0,0
5410016,5018167,1540,20030017,WR,failed,0.0,0
5410017,5018692,1800,20060052,WR,good,1.0,0
5410018,5019469,1800,20050412,RB,failed,0.0,0
5410019,5022552,3300,20050685,WR,good,0.0,0
5410020,5022689,3430,20080030,TE,good,1.0,0
5410021,5022717,3430,20050003,WR,good,1.0,0
5410022,5023066,3700,20090524,TE,good,1.0,0
5410023,5023368,2200,20080205,WR,failed,0.0,0
5410024,5023827,610,20020061,DE,failed,0.0,0
5410025,5024041,2120,20030093,RB,failed,0.0,0
5410026,5024370,2310,20080073,RB,good,1.0,0
5410027,5024878,2250,20090253,WR,failed,0.0,0
5410028,5025004,2100,20010035,TE,failed,0.0,0
5410029,5025107,2250,20090144,WR,good,1.0,0
5410030,5027831,2700,20060053,TE,failed,0.0,0
5410031,5028067,3300,20060252,WR,failed,0.0,0
5410032,5029712,1800,20050412,RB,failed,0.0,0
5410033,5030182,4600,20080038,TE,failed,0.0,0
5410034,5031010,3200,20040032,TE,failed,0.0,0
5410035,5031015,3200,19980021,WR,failed,0.0,0
5410036,5031598,3200,19980021,WR,good,1.0,0
5410037,5034600,750,20090519,TE,good,1.0,0
5410038,5035085,3410,20060082,WR,failed,0.0,0
5410039,5035394,3700,20060109,WR,good,1.0,0
5410040,5036498,3430,20050003,WR,failed,0.0,0
5410041,5036638,3430,20050003,WR,failed,0.0,0
5410042,5036654,2700,20050745,WR,failed,0.0,0
5410043,5036662,3430,20060750,WR,good,1.0,1
5410044,5036663,3430,20080030,TE,failed,0.0,0
5410045,5039755,3700,20080571,WR,failed,0.0,0
5410046,5040610,3700,20090053,RB,good,1.0,0
5410047,5041575,1800,20070063,RB,good,1.0,0
5410048,5044313,810,20080070,WR,good,1.0,0
5410049,5044616,4600,20070232,OC,failed,0.0,0
5410050,5046245,4500,20090184,TE,good,1.0,0
5410051,5046262,1400,20090141,WR,failed,0.0,0
5410052,5046689,4500,20060175,TE,good,1.0,0
5410053,5046719,2520,20080105,WR,failed,0.0,0
5410054,5048464,2510,20060401,TE,failed,0.0,0
5410055,5049413,4900,20040006,TE,failed,0.0,0
5410056,5049432,4900,20040015,WR,good,1.0,0
5410057,5052141,4900,20090643,TE,good,1.0,0
6410001,6000482,3800,20100516,WR,failed,0.0,0
6410002,6000491,3800,20100516,WR,failed,0.0,0
6410003,6000991,3800,20040003,WR,good,1.0,0
6410004,6001959,200,20070244,RB,failed,0.0,0
6410005,6002251,920,20010036,WR,failed,0.0,0
6410006,6002254,920,20010036,WR,failed,0.0,0
6410007,6002264,200,20050027,WR,good,1.0,0
6410008,6005195,810,20080044,RB,good,1.0,0
6410009,6005693,1540,20090020,TE,failed,0.0,0
6410010,6006015,610,20080224,WR,failed,0.0,0
6410011,6008471,810,20070093,RB,failed,1.0,0
6410012,6008635,810,20060233,WR,failed,0.0,0
6410013,6011417,920,20100021,TE,good,1.0,0
6410014,6013493,1050,20090050,WR,failed,0.0,1
6410015,6013494,1050,20040032,TE,failed,0.0,0
6410016,6014666,1200,20040007,WR,failed,0.0,1
6410017,6014667,1200,20030069,TE,good,1.0,0
6410018,6015312,5110,20040081,TE,good,1.0,0
6410019,6015326,5110,20040081,TE,failed,0.0,1
6410020,6015327,5110,19970484,FB,good,1.0,0
6410021,6016012,2310,20070023,WR,failed,0.0,0
6410022,6016037,2310,20070023,WR,failed,0.0,0
6410023,6017034,1400,20020033,WR,failed,0.0,0
6410024,6018388,1540,20070002,WR,good,1.0,0
6410025,6018712,5110,20080048,TE,failed,0.0,0
6410026,6018720,1540,20030071,WR,failed,0.0,0
6410027,6018722,5110,20080048,TE,failed,0.0,0
6410028,6018741,1540,20030017,WR,good,1.0,0
6410029,6018754,1540,20090020,TE,failed,0.0,0
6410030,6020700,2120,20070073,WR,good,1.0,0
6410031,6022264,2200,20100618,KR,good,1.0,0
6410032,6022596,1200,20040007,WR,good,1.0,0
6410033,6031638,3000,20090022,WR,good,1.0,0
6410034,6032295,2510,20100659,WR,failed,0.0,0
6410035,6033403,3300,20050068,WR,failed,0.0,0
6410036,6036659,3000,20030091,TE,failed,0.0,0
6410037,6036822,3430,20050003,WR,good,1.0,0
6410038,6038224,2520,20070099,WR,failed,0.0,0
6410039,6038381,4600,20040569,WR,good,1.0,0
6410040,6038738,4500,20100182,TE,good,1.0,0
6410041,6039557,3700,20070162,TE,good,1.0,1
6410042,6039558,3700,20090053,RB,failed,0.0,0
6410043,6040049,3700,20090719,RB,failed,0.0,0
6410044,6040394,3700,20060109,WR,good,1.0,0
6410045,6040712,3700,20060109,WR,failed,0.0,0
6410046,6042102,3200,20090083,WR,failed,0.0,0
6410047,6042123,3900,20100082,WR,failed,0.0,1
6410048,6044136,2100,20080024,RB,failed,0.0,0
6410049,6044487,4600,20080038,TE,failed,0.0,1
6410050,6044488,4600,20060249,WR,good,1.0,0
6410051,6045509,4400,20070172,WR,good,1.0,1
6410052,6045510,4400,20070172,WR,good,1.0,0
6410053,6046002,2100,20100222,WR,good,1.0,0
6410054,6046656,4500,20060006,TE,good,1.0,0
6410055,6047975,200,20050027,WR,good,1.0,0
6410056,6050437,4900,20100101,WR,failed,0.0,0
6410057,6050714,4600,20060249,WR,good,1.0,0
6410058,6051887,3300,20050068,WR,good,1.0,0
6410059,6052400,2100,20090030,WR,good,1.0,0
7410001,7000979,3800,20060155,TE,failed,0.0,0
7410002,7001831,325,20110674,FB,good,1.0,0
7410003,7002094,1800,20080091,TE,failed,0.0,0
7410004,7003088,4900,20040006,TE,good,1.0,0
7410005,7003105,4900,20100191,WR,failed,0.0,1
7410006,7005434,610,20070030,WR,failed,0.0,0
7410007,7005574,2250,20110608,RB,good,1.0,0
7410008,7005618,610,20080191,WR,good,1.0,0
7410009,7005796,610,20100643,TE,failed,0.0,0
7410010,7007265,750,20070031,TE,good,1.0,0
7410011,7008903,750,20070172,WR,failed,0.0,0
7410012,7013628,1200,20080111,TE,good,1.0,0
7410013,7015384,920,20080046,WR,failed,0.0,0
7410014,7016601,1400,20030124,WR,failed,0.0,0
7410015,7017113,750,20010074,WR,good,1.0,0
7410016,7017573,1540,20110044,WR,good,1.0,0
7410017,7018437,1540,20070002,WR,failed,0.0,0
7410018,7019099,1540,20060061,TE,good,1.0,0
7410019,7020287,4900,20040006,TE,failed,0.0,0
7410020,7020933,1050,20050576,WR,failed,0.0,0
7410021,7021682,2520,20110148,WR,failed,0.0,0
7410022,7022383,2200,20090127,WR,failed,0.0,0
7410023,7022748,1800,20110218,TE,good,1.0,0
7410024,7023852,2250,20090487,FB,failed,0.0,0
7410025,7026584,4400,20090596,RB,good,1.0,0
7410026,7027500,2700,20060119,WR,failed,0.0,0
7410027,7031735,3410,20110083,WR,good,1.0,0
7410028,7033429,3300,20050685,WR,good,1.0,0
7410029,7033450,3300,20050685,WR,good,1.0,0
7410030,7038960,2520,20080226,WR,failed,0.0,0
7410031,7039093,3300,20080237,WR,good,1.0,0
7410032,7040591,3410,19990105,WR,failed,0.0,1
7410033,7040763,3430,20110153,WR,failed,0.0,0
7410034,7044947,4600,20060249,WR,failed,0.0,0
7410035,7046765,3300,20050130,RB,good,1.0,0
7410036,7046893,4500,20090010,WR,good,1.0,0
7410037,7050053,4900,20100101,WR,failed,0.0,0
7410038,7050192,4900,20040006,TE,good,1.0,0
7410039,7050529,4900,20100101,WR,failed,0.0,0
7410040,7053013,5110,20010016,WR,failed,0.0,0
7410041,7054344,5110,20110079,WR,good,1.0,0
7410042,7054515,4900,20090717,WR,good,1.0,0
7410043,7054523,5110,20110155,WR,failed,0.0,0
8410001,8000819,2700,20090953,FB,good,1.0,0
8410002,8002367,200,20120406,WR,failed,0.0,0
8410003,8003591,4900,20100101,WR,failed,0.0,0
8410004,8004168,1200,20100024,WR,failed,0.0,0
8410005,8006919,2510,20120096,WR,good,1.0,0
8410006,8007376,200,20050027,WR,failed,0.0,0
8410007,8008895,4900,20050061,WR,good,1.0,0
8410008,8009049,810,20060119,WR,failed,0.0,0
8410009,8012108,3900,20050030,TE,good,1.0,0
8410010,8012335,325,20030054,WR,good,1.0,0
8410011,8013998,1200,20100024,WR,good,1.0,0
8410012,8014891,3700,20060109,WR,failed,0.0,0
8410013,8016758,3900,20060072,TE,failed,0.0,0
8410014,8016770,1400,20030023,RB,good,1.0,0
8410015,8017796,610,20100107,WR,good,1.0,0
8410016,8019993,2250,20120005,WR,failed,0.0,0
8410017,8020879,1800,20080036,WR,good,1.0,0
8410018,8023233,2200,20110483,WR,failed,0.0,0
8410019,8023555,2200,20010030,WR,failed,0.0,0
8410020,8023591,1800,20070078,WR,failed,0.0,0
8410021,8025218,2250,20090250,RB,good,1.0,0
8410022,8025243,2250,20080176,RB,failed,0.0,0
8410023,8025920,2250,20120573,TE,good,1.0,0
8410024,8028346,2700,20060053,TE,good,1.0,0
8410025,8029201,2510,20040024,RB,good,1.0,0
8410026,8030515,2250,20120005,WR,good,1.0,0
8410027,8031016,4900,20100101,WR,failed,0.0,0
8410028,8031377,3200,20100042,TE,failed,0.0,0
8410029,8032286,2120,20030003,WR,good,1.0,0
8410030,8037905,3430,20080030,TE,failed,0.0,0
8410031,8039030,2520,20110148,WR,failed,0.0,0
8410032,8040044,2520,20120625,WR,good,1.0,0
8410033,8040221,2520,20120168,WR,good,1.0,0
8410034,8042253,750,20120879,WR,failed,0.0,1
8410035,8042254,750,20120879,WR,failed,0.0,0
8410036,8044678,1800,20120562,WR,failed,0.0,0
8410037,8045601,1800,20070078,WR,failed,0.0,0
8410038,8047021,4500,19980021,WR,failed,0.0,0
8410039,8049403,2510,20080571,WR,good,1.0,0
8410040,8049732,2510,20120033,WR,failed,0.0,0
8410041,8050044,2510,20110047,TE,good,1.0,0
8410042,8051202,3700,20110149,RB,failed,0.0,0
8410043,8051817,4900,20100101,WR,failed,0.0,0
8410044,8052012,2100,20080126,WR,failed,0.0,0
8410045,8052182,2100,20090030,WR,good,1.0,0
8410046,8052344,1540,20030071,WR,good,1.0,0
8410047,8052899,2250,20100084,WR,failed,0.0,0
8410048,8054356,1200,20110176,WR,good,1.0,0
8410049,8054668,3000,20110043,TE,good,1.0,0
8410050,8055140,4600,20070038,TE,good,1.0,0
9410001,9000641,3800,20120013,WR,failed,0.0,0
9410002,9000958,2200,20090007,WR,good,1.0,0
9410003,9001310,3800,20120013,WR,failed,0.0,0
9410004,9003298,5110,20080205,WR,failed,0.0,0
9410005,9003428,325,20110518,WR,failed,0.0,0
9410006,9004475,3000,20060052,WR,failed,0.0,0
9410007,9004509,325,20110058,WR,good,1.0,0
9410008,9005016,3900,20100082,WR,failed,0.0,0
9410009,9005531,610,20130041,WR,good,1.0,0
9410010,9006444,3000,20120774,TE,failed,0.0,1
9410011,9008022,4600,20110628,WR,failed,0.0,0
9410012,9008937,1050,20120468,WR,failed,0.0,0
9410013,9009071,810,20060119,WR,good,1.0,0
9410014,9009279,810,20070155,TE,failed,0.0,1
9410015,9010177,325,20130835,WR,failed,0.0,1
9410016,9011843,2100,20110411,WR,failed,0.0,0
9410017,9012033,325,20130835,WR,good,1.0,0
9410018,9013442,1050,20080544,WR,good,1.0,0
9410019,9013607,2510,20110823,WR,failed,0.0,0
9410020,9013758,920,20110167,WR,good,1.0,0
9410021,9013908,1200,20130074,WR,good,1.0,0
9410022,9014129,1800,20100154,TE,failed,0.0,0
9410023,9014792,1200,20100024,WR,failed,0.0,0
9410024,9015123,1200,20100024,WR,failed,0.0,0
9410025,9015587,3800,20130187,RB,good,1.0,0
9410026,9015915,2250,20120005,WR,failed,0.0,0
9410027,9017129,1400,20040574,WR,good,1.0,0
9410028,9017347,2510,20120033,WR,failed,0.0,0
9410029,9017872,1540,20070002,WR,failed,0.0,0
9410030,9018041,810,20120045,WR,good,1.0,0
9410031,9018055,810,20060119,WR,good,1.0,0
9410032,9018912,3200,20130863,WR,failed,0.0,0
9410033,9019038,1540,20130510,TE,good,1.0,0
9410034,9019712,1800,20070078,WR,failed,0.0,0
9410035,9020243,1540,20110107,WR,failed,0.0,0
9410036,9020378,1800,20100154,TE,failed,0.0,0
9410037,9021270,5110,20130085,TE,failed,0.0,0
9410038,9021586,2200,20120546,WR,failed,0.0,0
9410039,9021613,2200,20120034,TE,good,1.0,0
9410040,9023521,1400,20100022,WR,failed,0.0,0
9410041,9024526,2200,20090007,WR,failed,0.0,0
9410042,9024553,2200,20010030,WR,good,1.0,0
9410043,9024693,2200,20120034,TE,good,1.0,0
9410044,9031109,3700,20100159,WR,failed,0.0,0
9410045,9031145,3700,20100159,WR,good,1.0,0
9410046,9031772,3200,20090232,WR,good,1.0,0
9410047,9031955,3200,20080571,WR,failed,0.0,1
9410048,9031956,3200,20090232,WR,good,1.0,0
9410049,9033328,3200,20130594,TE,good,1.0,0
9410050,9037174,610,20080224,WR,good,1.0,0
9410051,9038945,2520,20120818,WR,failed,0.0,0
9410052,9039424,2250,20110236,WR,failed,0.0,0
9410053,9040928,810,20080070,WR,good,1.0,0
9410054,9041204,1540,20100423,RB,good,1.0,0
9410055,9041254,1540,20130510,TE,failed,0.0,0
9410056,9041262,3700,20090053,RB,failed,0.0,0
9410057,9041276,3700,20130035,TE,failed,0.0,1
9410058,9041285,3700,20100159,WR,good,1.0,0
9410059,9041300,3700,20080049,WR,failed,0.0,0
9410060,9041656,3700,20130658,RB,good,1.0,0
9410061,9042339,5110,20130484,WR,good,1.0,0
9410062,9043006,920,20130021,TE,failed,0.0,0
9410063,9047226,2510,20090089,TE,failed,0.0,0
9410064,9047657,3800,20040003,WR,failed,0.0,0
9410065,9049665,2510,20120050,RB,good,1.0,0
9410066,9051151,200,19970013,TE,good,1.0,0
9410067,9051794,2700,20090084,WR,failed,0.0,0
9410068,9054121,5110,20130496,TE,good,1.0,0
9410069,9055272,5110,20110178,WR,failed,0.0,0
10410001,10000575,3800,20080038,TE,good,1.0,0
10410002,10001140,3800,20040003,WR,failed,0.0,0
10410003,10001638,3800,20130763,WR,failed,0.0,1
10410004,10001928,810,20080061,TE,good,1.0,0
10410005,10002273,1540,20100060,WR,failed,0.0,0
10410006,10003611,920,20120083,WR,good,1.0,0
10410007,10005920,610,20130041,WR,good,1.0,0
10410008,10007065,750,20120194,WR,failed,0.0,0
10410009,10007555,750,20040108,WR,good,1.0,0
10410010,10008056,750,20140028,WR,failed,0.0,0
10410011,10008672,810,20120045,WR,failed,0.0,1
10410012,10009183,810,20100089,WR/KR,failed,0.0,0
10410013,10009609,810,20080061,TE,good,1.0,0
10410014,10009775,810,20060691,WR/KR,failed,0.0,0
10410015,10009791,810,20070155,TE,good,1.0,0
10410016,10011179,2250,20110114,WR,failed,0.0,0
10410017,10011285,3430,20130594,TE,failed,0.0,0
10410018,10011519,3900,20050030,TE,good,1.0,0
10410019,10013398,1050,20140227,FB,failed,1.0,0
10410020,10013741,1200,20110616,WR,failed,0.0,0
10410021,10015689,2120,20140821,WR,good,1.0,0
10410022,10016335,1400,20100082,WR,good,1.0,0
10410023,10016375,2700,20090108,WR,failed,0.0,1
10410024,10017812,2250,20110778,WR,failed,0.0,0
10410025,10018486,1540,20130510,TE,good,1.0,0
10410026,10019303,1800,20100154,TE,failed,0.0,0
10410027,10020099,1800,20110064,WR,good,1.0,0
10410028,10020162,1800,20080036,WR,good,1.0,0
10410029,10020205,1800,20140053,WR,failed,0.0,0
10410030,10020307,1800,20130847,WR,failed,0.0,0
10410031,10020327,2520,20120168,WR,failed,0.0,0
10410032,10023590,3410,20120127,TE,failed,0.0,0
10410033,10024625,2250,20140061,WR,good,1.0,0
10410034,10025256,2250,20140039,WR,failed,0.0,0
10410035,10025266,2250,20060028,TE,failed,0.0,0
10410036,10026058,2310,20060053,TE,failed,0.0,0
10410037,10027981,1800,20140053,WR,good,1.0,0
10410038,10028831,4600,20120642,WR,failed,0.0,0
10410039,10029455,2700,20140063,WR,failed,0.0,1
10410040,10029495,2700,20140811,RB,good,1.0,0
10410041,10029519,2700,20110601,WR,failed,0.0,0
10410042,10029843,2310,20070023,WR,failed,0.0,0
10410043,10030864,3000,20120118,WR,good,1.0,0
10410044,10031051,3000,20120128,TE,good,1.0,0
10410045,10031711,3000,20130216,WR,good,1.0,0
10410046,10033007,810,20070155,TE,good,1.0,0
10410047,10033034,810,20080044,RB,good,1.0,0
10410048,10033388,3200,20090232,WR,failed,1.0,0
10410049,10034130,3430,20140049,TE,failed,0.0,0
10410050,10035952,3300,20040032,TE,failed,1.0,0
10410051,10038065,3430,20110153,WR,failed,0.0,0
10410052,10039358,3430,20100497,WR,failed,1.0,0
10410053,10043134,3900,20070077,TE,good,1.0,0
10410054,10043349,3900,20100195,WR,failed,0.0,0
10410055,10044706,3900,20100195,WR,good,1.0,0
10410056,10044718,3900,20050685,WR,good,1.0,0
10410057,10047268,1400,20100022,WR,good,1.0,0
10410058,10047418,1800,20100154,TE,failed,0.0,0
10410059,10047603,4600,20130158,TE,good,1.0,0
10410060,10049677,4500,20120499,WR,good,1.0,0
10410061,10050330,200,20080084,WR,good,1.0,0
10410062,10052194,1800,20130123,WR,failed,0.0,0
10410063,10053214,3430,20110153,WR,failed,0.0,0
10410064,10053714,1050,20130216,WR,failed,0.0,0
10410065,10054152,2510,20120487,TE,good,1.0,0
10410066,10054350,3200,20140963,WR,failed,0.0,0
11410001,11000133,325,20150171,TE,good,1.0,0
11410002,11000437,1800,20070078,WR,good,1.0,0
11410003,11001942,325,20140227,RB,failed,0.0,0
11410004,11003385,200,20110079,WR,failed,0.0,0
11410005,11003391,5110,20080205,WR,failed,0.0,0
11410006,11003736,1050,20120100,WR,failed,0.0,0
11410007,11003755,325,20080233,RB,failed,0.0,0
11410008,11003766,1050,20080735,WR,good,1.0,0
11410009,11003936,2250,20140593,WR,failed,0.0,0
11410010,11003948,325,20110685,WR,failed,0.0,0
11410011,11005308,750,20151245,WR,good,1.0,0
11410012,11005906,2200,20120034,TE,good,1.0,0
11410013,11005937,2200,20030003,WR,failed,0.0,0
11410014,11006263,610,20090022,WR,failed,0.0,0
11410015,11006710,3900,20150087,WR,good,1.0,0
11410016,11006941,750,20080596,FB,good,1.0,0
11410017,11007266,1800,20140053,WR,good,1.0,0
11410018,11007871,2700,20150827,TE,failed,0.0,0
11410019,11008186,3300,20060252,WR,failed,0.0,0
11410020,11009783,810,20131209,WR,good,1.0,0
11410021,11011243,920,20130021,TE,failed,0.0,1
11410022,11011886,3900,20130079,WR,failed,0.0,0
11410023,11012098,4400,20130076,WR,failed,1.0,0
11410024,11012763,610,20151220,RB,good,1.0,0
11410025,11013063,1050,20120100,WR,failed,0.0,1
11410026,11013064,1050,20120100,WR,failed,0.0,0
11410027,11013441,3900,20140831,RB,good,1.0,0
11410028,11014043,200,20130133,TE,good,1.0,0
11410029,11014234,1200,20080004,RB,good,1.0,0
11410030,11014507,3000,20120774,TE,good,1.0,0
11410031,11016045,1400,20140531,WR,good,1.0,0
11410032,11017079,3200,20090232,WR,failed,0.0,0
11410033,11017212,2520,20150068,TE,failed,0.0,0
11410034,11017406,1400,20100022,WR,good,1.0,0
11410035,11018225,810,20080044,RB,good,1.0,0
11410036,11019386,1540,20100060,WR,failed,1.0,0
11410037,11019933,1800,20140053,WR,failed,0.0,0
11410038,11020084,2310,20130063,TE,good,1.0,0
11410039,11020112,2310,20060109,WR,failed,0.0,0
11410040,11020627,3700,20150020,WR,failed,0.0,0
11410041,11020743,1800,20130755,WR,failed,0.0,0
11410042,11020763,1800,20150869,WR,failed,0.0,0
11410043,11021094,1800,20140098,TE,good,1.0,0
11410044,11021938,2120,20130027,WR,good,1.0,0
11410045,11022607,2120,20130027,WR,good,1.0,0
11410046,11023131,2200,20030003,WR,good,1.0,0
11410047,11024947,610,20130222,TE,failed,0.0,1
11410048,11025292,1540,20140548,WR,failed,0.0,0
11410049,11025848,3900,20130079,WR,good,1.0,0
11410050,11026679,810,20100222,WR,failed,1.0,0
11410051,11026694,810,20080044,RB,failed,0.0,0
11410052,11028681,2200,20120546,WR,good,1.0,0
11410053,11028910,3900,20090007,WR,failed,0.0,0
11410054,11029246,2510,20090089,TE,good,1.0,0
11410055,11029479,4900,20130655,WR,good,1.0,1
11410056,11029950,2700,20140063,WR,good,1.0,0
11410057,11030335,2120,20120840,RB,failed,0.0,0
11410058,11030395,2700,20150014,WR,failed,0.0,0
11410059,11031639,1800,20070078,WR,good,1.0,0
11410060,11033042,4900,20130655,WR,failed,0.0,0
11410061,11033378,1800,20130755,WR,failed,0.0,0
11410062,11033413,1800,20150094,WR,failed,0.0,0
11410063,11034620,3900,20130079,WR,good,1.0,0
11410064,11035949,2250,20150139,WR,failed,0.0,0
11410065,11035985,2250,20110129,TE,failed,0.0,0
11410066,11036029,2250,20100125,TE,good,1.0,0
11410067,11036073,3300,20060252,WR,failed,0.0,0
11410068,11036114,3300,20140658,WR,failed,0.0,0
11410069,11036165,3200,20140496,WR,failed,0.0,0
11410070,11036531,3300,20140500,WR,failed,1.0,0
11410071,11036712,2100,20060175,TE,good,1.0,0
11410072,11037780,3410,20120743,WR,good,1.0,0
11410073,11038488,5110,20150105,WR,good,1.0,0
11410074,11038571,3430,20060119,WR,good,1.0,0
11410075,11038652,200,20130133,TE,good,1.0,0
11410076,11039971,2100,20100036,RB,good,1.0,0
11410077,11040319,3800,20120716,WR,failed,0.0,0
11410078,11040355,2520,20130209,WR,good,1.0,0
11410079,11040719,2520,20120625,WR,failed,0.0,0
11410080,11041193,2310,20110136,FB,failed,0.0,0
11410081,11041220,2310,20130063,TE,good,1.0,0
11410082,11041288,2520,20130595,WR,failed,1.0,0
11410083,11041342,2520,20110107,WR,failed,0.0,0
11410084,11041857,2520,20140956,WR,good,1.0,0
11410085,11042228,325,20140437,WR,good,1.0,1
11410086,11043766,5110,20150105,WR,good,1.0,0
11410087,11043897,3900,20100195,WR,failed,0.0,0
11410088,11044524,3900,20100195,WR,good,1.0,0
11410089,11044952,3900,20150470,WR,failed,0.0,0
11410090,11044966,3900,20150470,WR,failed,0.0,0
11410091,11045044,3900,20110958,RB,good,1.0,0
11410092,11045188,3900,20060027,RB,good,1.0,0
11410093,11045368,3900,20100195,WR,good,1.0,0
11410094,11045398,3900,20050030,TE,good,1.0,0
11410095,11045481,4500,20110058,WR,good,1.0,0
11410096,11045843,1050,20140970,WR,good,1.0,0
11410097,11046796,4400,20120110,TE,good,1.0,0
11410098,11046822,4400,20120110,TE,good,1.0,0
11410099,11047301,4600,20120642,WR,failed,0.0,0
11410100,11047308,4600,20100095,TE,failed,0.0,0
11410101,11048538,3900,20150160,TE,good,1.0,0
11410102,11048589,4600,20140410,WR,failed,0.0,0
11410103,11048594,3900,20100195,WR,failed,0.0,0
11410104,11049260,4500,20030054,WR,failed,0.0,0
11410105,11049620,1200,20151008,WR,failed,0.0,0
11410106,11050131,4500,20130128,WR,good,1.0,0
11410107,11050174,4400,20140725,WR,failed,0.0,0
11410108,11050261,4500,20150809,RB,failed,1.0,0
11410109,11050546,4900,20150521,WR,failed,0.0,0
11410110,11051522,4900,20050061,WR,good,1.0,0
11410111,11051869,4900,20130655,WR,failed,0.0,0
11410112,11052666,2100,20060053,TE,failed,0.0,0
11410113,11052843,2100,20080084,WR,failed,0.0,1
11410114,11052918,2250,20110129,TE,failed,0.0,0
11410115,11053458,2100,20150100,DE,good,1.0,1
11410116,11053593,2100,20150040,WR,good,1.0,0
11410117,11054245,1800,20140176,WR,good,1.0,0
11410118,11054412,5110,20140486,WR,failed,0.0,0
12410001,12001854,3800,20120013,WR,failed,0.0,0
12410002,12002016,750,20070031,TE,good,1.0,0
12410003,12002475,2250,20150220,TE,good,1.0,0
12410004,12002633,200,20140103,RB,failed,0.0,0
12410005,12002651,200,20160081,TE,failed,0.0,0
12410006,12002821,3200,20080571,WR,good,1.0,0
12410007,12002999,3300,20080149,RB,failed,0.0,0
12410008,12003627,200,20120083,WR,good,1.0,0
12410009,12004075,325,20150171,TE,good,1.0,0
12410010,12004426,325,20130130,RB,good,1.0,0
12410011,12004759,2700,20140063,WR,failed,1.0,0
12410012,12004923,325,20010074,WR,failed,0.0,0
12410013,12004966,325,20090084,WR,good,1.0,0
12410014,12005157,3700,20140042,WR,failed,0.0,0
12410015,12005291,325,20010074,WR,good,1.0,0
12410016,12005637,3800,20130763,WR,failed,0.0,0
12410017,12005919,2200,20150446,WR,failed,0.0,0
12410018,12006545,610,20150194,TE,good,1.0,0
12410019,12006633,610,20150234,WR,good,1.0,0
12410020,12007359,3800,20150159,WR,failed,0.0,0
12410021,12007677,2310,20130063,TE,good,1.0,0
12410022,12007923,3200,20130059,WR,failed,0.0,0
12410023,12008048,750,20160874,WR,good,1.0,0
12410024,12008496,4400,20030566,TE,failed,0.0,0
12410025,12008833,4900,20150521,WR,good,1.0,0
12410026,12009192,1540,20100060,WR,good,1.0,0
12410027,12011567,920,20160484,WR,failed,0.0,0
12410028,12011896,3900,20100195,WR,failed,0.0,0
12410029,12013043,1050,20110944,WR,failed,0.0,0
12410030,12013426,1050,20110944,WR,good,1.0,0
12410031,12013501,3900,20090241,TE,good,1.0,0
12410032,12015507,5110,20120615,WR,failed,0.0,0
12410033,12016213,1400,20100022,WR,good,1.0,0
12410034,12016393,2310,20130663,TE,good,1.0,0
12410035,12016883,2520,20150004,WR,failed,0.0,0
12410036,12017078,4400,20150015,RB,good,1.0,1
12410037,12017079,4400,20160035,TE,failed,0.0,0
12410038,12017931,1800,20140053,WR,good,1.0,0
12410039,12019156,1050,20100523,WR,failed,0.0,0
12410040,12019806,1800,20140053,WR,failed,0.0,0
12410041,12022639,2200,20160598,WR,failed,0.0,1
12410042,12022640,2200,20140586,TE,failed,0.0,0
12410043,12022929,2200,20120064,TE,good,1.0,0
12410044,12023972,2200,20120092,WR,failed,0.0,0
12410045,12024452,2250,20140590,WR,good,1.0,0
12410046,12024995,2250,20140061,WR,good,1.0,0
12410047,12027024,2310,20130663,TE,good,1.0,1
12410048,12027025,2310,20090019,WR,failed,0.0,0
12410049,12029460,3800,20150086,RB,good,1.0,0
12410050,12029749,2700,20140063,WR,good,1.0,0
12410051,12029803,610,20060002,RB,good,1.0,0
12410052,12029938,1050,20080141,TE,good,1.0,0
12410053,12030136,3200,20090232,WR,good,1.0,0
12410054,12030333,3900,20130048,RB,good,1.0,0
12410055,12031391,3000,20110043,TE,failed,0.0,0
12410056,12032475,3000,20160023,WR,good,1.0,0
12410057,12032907,810,20110069,TE,good,1.0,0
12410058,12032953,3200,20110473,WR,good,1.0,0
12410059,12033040,810,20160890,WR,good,1.0,0
12410060,12034020,3300,20160678,WR,failed,0.0,0
12410061,12034387,3900,20060027,RB,good,1.0,0
12410062,12034546,4600,20110628,WR,failed,0.0,0
12410063,12035072,750,20150041,WR,good,1.0,0
12410064,12035374,1540,20140189,WR,failed,0.0,0
12410065,12035714,2520,20090010,WR,failed,0.0,0
12410066,12035727,2520,20150004,WR,good,1.0,0
12410067,12035748,2520,20090010,WR,good,1.0,0
12410068,12036047,3300,20120034,TE,failed,1.0,0
12410069,12037278,3200,20110473,WR,failed,0.0,0
12410070,12039174,3200,20140130,RB,failed,1.0,0
12410071,12039854,2520,20140956,WR,good,1.0,0
12410072,12039986,750,20140463,WR,failed,0.0,0
12410073,12039999,750,20070031,TE,failed,0.0,0
12410074,12040025,2520,20140956,WR,good,1.0,0
12410075,12040529,2200,20120092,WR,good,1.0,0
12410076,12040810,2520,20150004,WR,good,1.0,0
12410077,12040977,4600,20131020,WR,failed,0.0,0
12410078,12042184,3430,20160241,WR,failed,0.0,0
12410079,12042769,3700,20140042,WR,failed,0.0,0
12410080,12042796,5110,20130085,TE,failed,0.0,0
12410081,12042891,325,20010074,WR,good,1.0,0
12410082,12043358,3900,20120110,TE,failed,0.0,0
12410083,12043381,3900,20150160,TE,failed,0.0,0
12410084,12043489,3900,20140831,RB,failed,0.0,0
12410085,12043501,1200,20100024,WR,failed,0.0,0
12410086,12043508,3900,20100195,WR,failed,0.0,0
12410087,12043515,1200,20100024,WR,failed,0.0,0
12410088,12043642,1540,20160539,WR,good,1.0,0
12410089,12043703,3900,20130079,WR,good,1.0,0
12410090,12043980,2700,20150014,WR,failed,0.0,0
12410091,12044215,3900,20100195,WR,failed,0.0,0
12410092,12046058,4900,20140007,WR,good,1.0,0
12410093,12046394,4600,20080553,RB,good,1.0,0
12410094,12047622,3000,20110433,RB,good,1.0,0
12410095,12047891,3700,20150020,WR,good,1.0,0
12410096,12049892,200,20110006,WR,failed,0.0,0
12410097,12049963,4900,20090202,TE,good,1.0,0
12410098,12050127,750,20070031,TE,failed,0.0,0
12410099,12050785,4900,20050061,WR,failed,0.0,0
12410100,12050809,4900,20050061,WR,failed,0.0,0
12410101,12051127,4900,20140007,WR,good,1.0,0
12410102,12051647,2100,20130034,WR,failed,0.0,0
12410103,12051805,1050,20160114,WR,failed,0.0,0
12410104,12052096,2100,20120227,WR,failed,0.0,0
12410105,12052337,2100,20090256,K,failed,0.0,0
12410106,12052836,2100,20110071,RB,failed,0.0,0
12410107,12054483,5110,20160864,WR,good,1.0,0
13455948,13086191,2100,20120227,WR,failed,1.0,0
13455949,13086210,2100,20120630,LS,failed,,0
13455975,13088518,3700,20120045,WR,failed,0.0,0
13455976,13088624,3700,20170761,RB,failed,0.0,0
13455001,13000024,3800,20150159,WR,failed,0.0,1
13455003,13001351,1050,20170252,RB,failed,1.0,0
13455004,13001411,3700,20150020,WR,failed,0.0,0
13455005,13001866,4500,20170792,WR,good,1.0,0
13455006,13002346,2700,20170647,WR,failed,0.0,0
13455048,13004495,3800,20110483,WR,failed,0.0,0
13455049,13004956,2200,20170607,WR,failed,0.0,0
13455050,13005729,325,20110957,TE,good,1.0,0
13455093,13008559,200,20170423,WR,good,1.0,0
13455094,13009366,750,20150184,WR,good,1.0,0
13455095,13009378,2250,20150220,TE,failed,0.0,0
13455096,13010016,3430,20170141,WR,good,1.0,0
13455183,13016685,3430,20160708,WR,failed,0.0,0
13455184,13017626,1540,20170096,WR,failed,0.0,0
13455185,13017646,1540,20120166,WR,failed,0.0,0
13455186,13017676,3800,20140091,WR,failed,0.0,0
13455187,13018976,3700,20120045,WR,good,1.0,0
13455228,13020781,1800,20140053,WR,failed,0.0,0
13455229,13021801,2250,20140593,WR,failed,0.0,0
13455273,13026547,3200,20140020,WR,good,1.0,0
13455274,13027060,4500,20170177,WR,failed,0.0,0
13455275,13027212,4600,20140045,WR,failed,0.0,0
13455318,13029259,3900,20100195,WR,failed,0.0,0
13455319,13029661,1200,20130074,WR,failed,0.0,0
13455320,13030726,1540,20140189,WR,good,1.0,0
13455321,13031196,2200,20130684,TE,failed,0.0,0
13455322,13031232,4600,20110628,WR,good,1.0,0
13455323,13031448,4900,20080049,WR,failed,0.0,0
13455324,13031461,3410,20140012,WR,failed,0.0,0
13455363,13033495,1800,20080036,WR,failed,0.0,0
13455364,13033800,2120,20160021,WR,failed,0.0,0
13455365,13033826,2310,20130663,TE,failed,0.0,0
13455366,13033849,2120,20140106,WR,failed,0.0,0
13455367,13034520,3410,20140012,WR,failed,0.0,0
13455408,13037080,4900,20140007,WR,failed,0.0,0
13455409,13037116,4900,20080049,WR,failed,0.0,0
13455410,13037446,325,20150171,TE,good,1.0,0
13455411,13037889,2120,20130201,TE,good,1.0,0
13455453,13043359,1200,20130209,WR,failed,0.0,0
13455498,13045254,325,20040032,TE,failed,0.0,0
13455499,13046124,1400,20100022,WR,failed,0.0,0
13455500,13046269,4400,20030566,TE,failed,0.0,0
13455501,13046443,810,20120020,WR,failed,0.0,0
13455502,13046698,3700,20120045,WR,good,1.0,0
13455543,13050946,4600,20160427,RB,failed,0.0,0
13455544,13050973,4600,20100095,TE,failed,0.0,0
13455588,13054540,3900,20140118,WR,good,1.0,0
13455589,13054682,2250,20140039,WR,good,1.0,0
13455633,13057790,3700,20120045,WR,good,1.0,0
13455634,13057809,3700,20130035,TE,failed,1.0,0
13455635,13057814,3700,20140700,TE,good,1.0,0
13455636,13059296,2520,20090010,WR,good,1.0,0
13455637,13059657,4600,20100095,TE,good,1.0,0
13455678,13061584,3800,20040003,WR,good,1.0,0
13455679,13062219,1200,20130074,WR,failed,0.0,0
13455680,13063190,750,20100070,TE,failed,1.0,0
13455681,13063217,750,20150041,WR,failed,0.0,0
13455682,13063620,3900,20100195,WR,good,1.0,0
13455723,13066855,2250,20060028,TE,good,1.0,0
13455724,13067199,1400,20100022,WR,failed,0.0,0
13455768,13070030,2200,20130684,TE,good,1.0,1
13455769,13070208,3000,20150117,TE,good,1.0,0
13455770,13071178,2520,20090010,WR,good,1.0,0
13455771,13072029,3900,20130048,RB,failed,0.0,1
13455813,13074457,1400,20140056,WR,good,1.0,0
13455814,13075146,3430,20120642,WR,failed,0.0,0
13455815,13075648,3200,20100042,TE,good,1.0,0
13455858,13079008,2120,20130027,WR,failed,0.0,0
13455859,13080035,2250,20150229,TE,good,1.0,0
13455860,13080390,1400,20130489,RB,good,1.0,0
13455903,13082486,1800,20110064,WR,good,1.0,0
13455904,13082496,1540,20090001,QB,good,1.0,0
13455905,13083115,2700,20150014,WR,failed,0.0,0
13455906,13083495,3410,20170715,WR,failed,0.0,0
13455907,13084297,4900,20140007,WR,good,1.0,0
14455948,14086026,4400,20170007,WR,good,1.0,0
14455949,14086204,810,20140970,WR,failed,1.0,0
14455959,14087215,1200,20150004,WR,good,1.0,0
14455960,14087421,4400,20130076,WR,good,1.0,0
14455961,14087452,4400,20170007,WR,failed,0.0,0
14455001,14000160,810,20150648,TE,failed,0.0,0
14455003,14001090,3000,20180599,WR,good,1.0,0
14455004,14001764,2700,20170237,WR,good,1.0,0
14455005,14001905,3200,20180807,RB,good,1.0,0
14455006,14001996,1050,20180105,WR,failed,0.0,0
14455007,14002893,4500,20170792,WR,failed,0.0,1
14455008,14002910,4500,20170792,WR,failed,0.0,1
14455009,14002911,4500,20150931,TE,good,1.0,0
14455048,14004453,2310,20180564,WR,good,1.0,0
14455049,14004916,920,20170009,WR,good,1.0,0
14455050,14005023,1400,20150092,TE,good,1.0,0
14455051,14005447,3900,20180165,RB,failed,0.0,0
14455052,14005470,3900,20180165,RB,failed,0.0,0
14455053,14005970,4600,20170810,WR,good,1.0,0
14455054,14006094,2520,20160100,QB,failed,1.0,0
14455055,14006659,3300,20160891,TE,failed,0.0,0
14455093,14008679,750,20160517,WR,failed,1.0,0
14455094,14009360,4500,20170803,TE,failed,0.0,1
14455095,14009562,3300,20160047,WR,good,1.0,0
14455096,14010019,3000,20160023,WR,failed,0.0,0
14455097,14010152,3000,20180612,WR,good,1.0,0
14455098,14010612,2100,20151061,WR,failed,0.0,0
14455099,14010798,1540,20170510,WR,failed,0.0,0
14455138,14012958,5110,20180668,WR,failed,0.0,0
14455139,14013090,610,20180703,WR,failed,0.0,0
14455140,14013119,610,20180703,WR,failed,0.0,0
14455141,14013317,2200,20170867,WR,failed,0.0,0
14455142,14013402,1050,20180725,WR,failed,1.0,1
14455143,14013846,3300,20150627,WR,failed,0.0,0
14455144,14013959,3300,20160156,RB,failed,0.0,0
14455145,14014879,2250,20170566,WR,failed,0.0,0
14455146,14014884,2250,20150132,WR,failed,0.0,0
14455183,14016706,3800,20180047,WR,failed,0.0,0
14455184,14016822,325,20140091,WR,failed,0.0,0
14455185,14018010,4400,20170007,WR,failed,0.0,0
14455186,14018076,4400,20030566,TE,good,1.0,0
14455187,14018799,3300,20070009,WR,good,1.0,0
14455228,14021287,325,20150125,RB,failed,0.0,0
14455229,14021792,3000,20150146,WR,good,1.0,0
14455230,14022078,2510,20150989,RB,good,1.0,0
14455231,14022518,3900,20170105,RB,good,1.0,0
14455273,14025008,200,20160081,TE,good,1.0,0
14455274,14025027,200,20120083,WR,good,1.0,0
14455275,14025522,1050,20180001,QB,good,1.0,0
14455276,14025849,2120,20120097,RB,failed,1.0,0
14455277,14026158,4500,20170146,TE,good,1.0,0
14455278,14026658,3000,20110043,TE,failed,0.0,0
14455318,14029091,200,20120083,WR,failed,1.0,0
14455319,14029138,920,20110004,WR,failed,0.0,0
14455320,14029933,2200,20180169,RB,failed,0.0,0
14455321,14029955,2200,20160598,WR,good,1.0,0
14455322,14030130,3430,20140209,WR,failed,0.0,0
14455323,14030160,2250,20170110,WR,failed,0.0,0
14455324,14030236,4400,20150015,RB,good,1.0,0
14455325,14030441,3000,20130181,RB,good,1.0,0
14455326,14030784,3410,20160040,WR,good,1.0,0
14455327,14030850,1050,20180105,WR,failed,0.0,0
14455328,14030995,2520,20080036,WR,good,1.0,0
14455329,14031098,3900,20170105,RB,good,1.0,0
14455363,14033164,3410,20120128,TE,good,1.0,0
14455364,14033651,1800,20170134,RB,good,1.0,0
14455365,14033674,1800,20180174,WR,failed,0.0,0
14455366,14034553,5110,20130154,RB,failed,0.0,0
14455367,14034727,1400,20100022,WR,failed,0.0,0
14455368,14035361,4500,20080205,WR,failed,0.0,0
14455369,14035394,4500,20170146,TE,failed,0.0,0
14455408,14037089,4900,20140007,WR,failed,0.0,0
14455409,14037289,3900,20150160,TE,failed,0.0,1
14455410,14037290,3900,20170062,WR,good,1.0,0
14455411,14037433,1050,20180105,WR,good,1.0,0
14455412,14038235,2700,20130144,WR,good,1.0,0
14455413,14039393,750,20110058,WR,good,1.0,0
14455453,14041340,3410,20140012,WR,failed,0.0,0
14455454,14042314,2100,20160140,WR,failed,0.0,1
14455455,14042315,2100,20170072,WR,failed,0.0,0
14455456,14042775,750,20120118,WR,good,1.0,0
14455498,14045280,3800,20040003,WR,good,1.0,0
14455499,14045425,3200,20130029,WR,failed,0.0,0
14455500,14045593,750,20170008,RB,failed,0.0,0
14455501,14045960,4900,20170084,WR,good,1.0,0
14455502,14046375,2250,20170110,WR,failed,0.0,0
14455503,14046701,2510,20150010,RB,good,1.0,0
14455504,14047183,2200,20160598,WR,good,1.0,0
14455505,14047410,1050,20160138,TE,failed,0.0,0
14455543,14049524,610,20110944,WR,failed,0.0,0
14455544,14049772,1050,20180175,WR,failed,0.0,0
14455545,14049795,1050,20140063,WR,failed,1.0,0
14455546,14050801,2510,20170044,TE,good,1.0,0
14455547,14050873,4400,20030566,TE,failed,0.0,0
14455588,14053394,810,20140700,TE,good,1.0,0
14455589,14053418,1540,20170096,WR,failed,0.0,0
14455590,14053426,1540,20170096,WR,failed,1.0,0
14455591,14054185,2310,20130063,TE,failed,0.0,0
14455633,14057882,810,20120700,WR,good,1.0,0
14455634,14057955,810,20170045,TE,good,1.0,0
14455635,14057969,3000,20130622,WR,failed,0.0,1
14455636,14057970,3000,20130622,WR,good,1.0,0
14455637,14057992,3000,20110043,TE,failed,0.0,0
14455638,14058144,750,20120118,WR,failed,0.0,0
14455639,14058416,3900,20150160,TE,failed,0.0,0
14455678,14062486,810,20140061,WR,failed,0.0,0
14455679,14062522,1540,20170096,WR,failed,0.0,0
14455680,14063508,3410,20160915,RB,failed,0.0,0
14455723,14065673,200,20160081,TE,failed,0.0,0
14455724,14066480,1050,20180105,WR,failed,1.0,0
14455725,14066774,610,20170037,WR,good,1.0,0
14455726,14067458,3700,20100060,WR,good,1.0,0
14455727,14067608,4400,20030566,TE,good,1.0,0
14455728,14067617,4400,20130076,WR,good,1.0,0
14455768,14071029,920,20130037,RB,failed,1.0,0
14455769,14071561,4600,20150069,WR,good,1.0,0
14455770,14072204,5110,20060006,TE,good,1.0,0
14455771,14072214,5110,20120013,WR,good,1.0,0
14455813,14073766,200,20160721,WR,failed,0.0,0
14455814,14074273,3300,20160047,WR,failed,0.0,0
14455815,14074405,1800,20140053,WR,good,1.0,0
14455816,14075270,4400,20170007,WR,good,1.0,0
14455858,14078207,920,20160199,WR,good,1.0,0
14455859,14079254,3900,20150691,WR,good,1.0,0
14455860,14079516,1800,20100095,TE,failed,0.0,1
14455903,14082277,3410,20160040,WR,failed,0.0,1
14455904,14082278,3410,20170023,TE,good,1.0,0
14455905,14082335,1200,20180081,WR,good,1.0,0
14455906,14082473,1400,20180040,WR,failed,0.0,0
14455907,14083122,4500,20170177,WR,good,1.0,0
14455908,14083250,810,20160113,ILB,good,1.0,0
14455909,14084042,4900,20170084,WR,failed,0.0,0
14455910,14084050,4900,20150521,WR,failed,0.0,0
15455948,15086045,2120,20130027,WR,good,1.0,0
15455959,15087067,325,20190093,WR,failed,0.0,0
15455970,15088223,1800,20140053,WR,failed,0.0,0
15455003,15000386,4400,20170247,WR,failed,0.0,0
15455004,15001124,3200,20190483,WR,failed,0.0,0
15455005,15001173,3200,20190415,RB,good,1.0,0
15455006,15001585,200,20180429,WR,failed,0.0,0
15455007,15001713,200,20190562,WR,good,1.0,0
15455008,15001816,3300,20110145,RB,failed,0.0,0
15455009,15002298,2100,20151061,WR,good,1.0,0
15455010,15002510,4900,20170581,RB,failed,0.0,0
15455011,15002557,4900,20190965,RB,failed,0.0,0
15455012,15002578,4900,20170581,RB,failed,0.0,0
15455013,15002728,1400,20190187,WR,good,1.0,0
15455048,15004981,750,20130687,WR,failed,1.0,1
15455049,15005280,1540,20180738,WR,failed,0.0,1
15455050,15005475,2200,20190724,TE,good,1.0,0
15455051,15006306,3410,20180493,WR,failed,0.0,0
15455052,15006676,2700,20190819,WR,good,1.0,0
15455053,15006726,3200,20190483,WR,good,1.0,0
15455093,15008687,3410,20160490,WR,good,1.0,0
15455094,15008707,920,20170128,WR,failed,0.0,0
15455095,15009809,3000,20190247,WR,failed,0.0,0
15455096,15010315,2520,20180831,RB,failed,0.0,0
15455097,15010383,325,20190025,WR,good,1.0,1
15455098,15010396,325,20120013,WR,failed,0.0,0
15455138,15012803,750,20190462,RB,good,1.0,0
15455139,15013459,1200,20180208,WR,failed,0.0,0
15455140,15014147,3200,20100022,WR,failed,0.0,0
15455141,15014229,3410,20160490,WR,failed,0.0,0
15455142,15014243,3410,20190891,WR,failed,0.0,0
15455143,15014394,3300,20170719,RB,failed,1.0,0
15455183,15016746,3800,20180047,WR,good,1.0,0
15455184,15017587,2250,20170626,WR,failed,0.0,0
15455185,15018051,200,20150107,WR,failed,0.0,0
15455186,15018076,200,20110006,WR,failed,1.0,0
15455187,15018509,3430,20130048,RB,good,1.0,0
15455188,15019202,4500,20190036,WR,good,1.0,0
15455228,15020798,3700,20130035,TE,good,1.0,0
15455229,15020949,3800,20190174,WR,good,1.0,0
15455230,15021493,1400,20100082,WR,good,1.0,0
15455231,15022935,3900,20170062,WR,failed,0.0,0
15455273,15024929,610,20120519,WR,good,1.0,0
15455274,15026001,325,20150171,TE,failed,0.0,0
15455275,15027111,3410,20160040,WR,good,1.0,0
15455276,15027301,5110,20130154,RB,failed,0.0,0
15455318,15029255,1050,20180726,RB,failed,0.0,0
15455319,15029607,3000,20150146,WR,failed,1.0,0
15455320,15030081,3700,20120045,WR,failed,0.0,0
15455321,15030661,2510,20170069,WR,failed,0.0,0
15455363,15033564,200,20160081,TE,good,1.0,0
15455364,15034536,3430,20130201,TE,failed,0.0,0
15455365,15034895,4600,20190064,WR,failed,0.0,0
15455408,15037456,1050,20130663,TE,good,1.0,0
15455409,15038112,2120,20130027,WR,good,1.0,0
15455410,15038594,2700,20160073,RB,failed,0.0,0
15455411,15039085,1200,20030069,TE,failed,0.0,0
15455412,15039221,4900,20140007,WR,good,1.0,0
15455453,15041526,810,20170045,TE,good,1.0,0
15455454,15041680,2250,20150076,WR,good,1.0,0
15455455,15042205,1540,20170096,WR,failed,0.0,0
15455498,15045216,200,20180026,WR,good,1.0,0
15455499,15045274,200,20160081,TE,failed,0.0,0
15455500,15045712,3410,20190171,WR,failed,0.0,0
15455501,15046225,3430,20130201,TE,good,1.0,0
15455502,15047303,750,20170040,WR,failed,1.0,1
15455503,15047464,4900,20150026,WR,failed,0.0,0
15455504,15047477,4900,20170084,WR,good,1.0,0
15455543,15049346,3800,20160073,RB,good,1.0,0
15455544,15049820,2100,20150521,WR,failed,0.0,0
15455545,15051270,2200,20130684,TE,failed,0.0,0
15455546,15051405,4600,20190064,WR,good,1.0,0
15455588,15053886,3000,20110043,TE,good,1.0,0
15455589,15054054,750,20070031,TE,failed,0.0,0
15455590,15054495,3410,20190176,TE,failed,0.0,0
15455591,15054526,3410,20100060,WR,good,1.0,1
15455592,15054543,3410,20140531,WR,good,1.0,0
15455593,15055082,4500,20170792,WR,good,1.0,0
15455633,15058000,1540,20160427,RB,failed,0.0,0
15455634,15058174,2250,20150076,WR,failed,0.0,0
15455635,15058298,4400,20160035,TE,good,1.0,0
15455636,15058636,2700,20140593,WR,failed,1.0,0
15455637,15058811,3000,20170041,RB,failed,1.0,0
15455638,15059318,4500,20170792,WR,failed,0.0,0
15455639,15059662,5110,20180256,WR,good,1.0,0
15455640,15059690,5110,20190206,WR,failed,0.0,1
15455641,15059691,5110,20190724,TE,failed,0.0,0
15455678,15061622,200,20180429,WR,failed,0.0,0
15455679,15061889,810,20140970,WR,good,1.0,1
15455680,15062826,750,20180024,WR,failed,0.0,0
15455681,15062856,3300,20160047,WR,good,1.0,1
15455682,15063345,1800,20140053,WR,good,1.0,0
15455683,15063503,2250,20180061,WR,good,1.0,0
15455684,15063517,2250,20150076,WR,failed,0.0,0
15455723,15065843,200,20180026,WR,failed,1.0,0
15455724,15066073,5110,20170154,TE,failed,0.0,0
15455725,15066504,1200,20030069,TE,good,1.0,0
15455726,15066985,3200,20150029,WR,failed,0.0,0
15455727,15067288,2250,20170110,WR,good,1.0,0
15455728,15067570,3700,20150020,WR,good,1.0,0
15455729,15067625,2700,20190821,RB,good,1.0,0
15455768,15070065,610,20120519,WR,good,1.0,0
15455769,15071565,3300,20180091,WR,failed,0.0,0
15455770,15072193,2200,20170867,WR,good,1.0,0
15455813,15073975,3430,20160708,WR,good,1.0,0
15455814,15074480,2510,20150010,RB,failed,0.0,1
15455815,15074498,2510,20140020,WR,failed,0.0,0
15455816,15074857,2310,20110136,RB,failed,0.0,0
15455817,15074933,2310,20140004,WR,good,1.0,0
15455858,15077889,2250,20180061,WR,failed,0.0,0
15455859,15078217,1050,20170411,TE,failed,0.0,0
15455860,15078826,920,20150157,TE,failed,0.0,0
15455861,15078890,920,20130021,TE,good,1.0,0
15455862,15079041,1800,20160549,WR,good,1.0,0
15455863,15079221,3200,20090232,WR,good,1.0,0
15455903,15082774,2520,20190149,WR,failed,0.0,0
15455904,15083215,2250,20170110,WR,good,1.0,0
15455905,15084200,4500,20170792,WR,failed,1.0,0
